,local_student_id,site_id,grading_period_name,academic_year,local_section_id,school_course_id,corrected_grade,max_credits,credits_received,is_final?,is_repeat?,session_type_id
0,120029,12,Final Grades,2019,A400-Crain-Gold 2,A400,B-,1.0,1.0,0,0,1
1,120029,12,Final Grades,2019,B400-Leon-Gold 3,B400,A-,1.0,1.0,0,0,1
2,120029,12,Final Grades,2019,D430-Prohuska-Blue 3,D430,B+,1.0,1.0,0,0,1
3,120029,12,Final Grades,2019,F502-Guerra-Gold 4,F502,A,1.0,1.0,0,0,1
4,120029,12,Final Grades,2019,I1043-Breneman-Blue 4,I1043,P,1.0,1.0,0,0,1
5,120029,12,Final Grades,2019,S4100-Harmon-Blue 2,S4100,A+,1.0,1.0,0,0,1
6,120376,12,Final Grades,2019,A400-Crain-Gold 4,A400,B+,1.0,1.0,0,0,1
7,120376,12,Final Grades,2019,B400-Leon-Gold 2,B400,B,1.0,1.0,0,0,1
8,120376,12,Final Grades,2019,C402-Hansen-Blue 3,C402,A-,1.0,1.0,0,0,1
9,120376,12,Final Grades,2019,D430-Prohuska-Blue 4,D430,B-,1.0,1.0,0,0,1
10,120376,12,Final Grades,2019,F502-Guerra-Blue 2,F502,B,1.0,1.0,0,0,1
11,120380,12,Final Grades,2019,A400-Crain-Gold 3,A400,I,1.0,0.0,0,0,1
12,120380,12,Final Grades,2019,B400-Leon-Gold 2,B400,I,1.0,0.0,0,0,1
13,120380,12,Final Grades,2019,C402-Hansen-Blue 3,C402,I,1.0,0.0,0,0,1
14,120380,12,Final Grades,2019,D430-Prohuska-Blue 2,D430,I,1.0,0.0,0,0,1
15,120380,12,Final Grades,2019,E400-Lopez-Blue 4,E400,I,1.0,0.0,0,0,1
16,120380,12,Final Grades,2019,F502-Guerra-Gold 4,F502,I,1.0,0.0,0,0,1
17,120068,12,Final Grades,2019,A400-Crain-Gold 3,A400,B-,1.0,1.0,0,0,1
18,120068,12,Final Grades,2019,B400-Leon-Gold 4,B400,C,1.0,1.0,0,0,1
19,120068,12,Final Grades,2019,D430-Prohuska-Blue 3,D430,C+,1.0,1.0,0,0,1
20,120068,12,Final Grades,2019,I1043-Breneman-Blue 4,I1043,P,1.0,1.0,0,0,1
21,120068,12,Final Grades,2019,7584,I136OP,NO GRADE,1.0,1.0,0,0,1
22,120068,12,Final Grades,2019,S4100-Harmon-Blue 2,S4100,A-,1.0,1.0,0,0,1
23,120136,12,Final Grades,2019,A400-Crain-Gold 2,A400,I,1.0,0.0,0,0,1
24,120136,12,Final Grades,2019,B400-Leon-Gold 3,B400,I,1.0,0.0,0,0,1
25,120136,12,Final Grades,2019,C402-Hansen-Blue 3,C402,A,1.0,1.0,0,0,1
26,120136,12,Final Grades,2019,D430-Prohuska-Blue 4,D430,C,1.0,1.0,0,0,1
27,120136,12,Final Grades,2019,E300-Reisch-Gold 4,E300,A,1.0,1.0,0,0,1
28,120136,12,Final Grades,2019,F502-Guerra-Blue 2,F502,A,1.0,1.0,0,0,1
29,120136,12,Final Grades,2019,7595,I199,NO GRADE,1.0,1.0,0,0,1
30,120149,12,Final Grades,2019,E300-Reisch-Gold 2,E300,A-,1.0,1.0,0,0,1
31,120180,12,Final Grades,2019,A400-Crain-Gold 3,A400,I,1.0,0.0,0,0,1
32,120180,12,Final Grades,2019,B400-Leon-Gold 4,B400,I,1.0,0.0,0,0,1
33,120180,12,Final Grades,2019,C402-Hansen-Blue 3,C402,A-,1.0,1.0,0,0,1
34,120180,12,Final Grades,2019,D200-Roorda-Gold 2,D200,A-,1.0,1.0,0,0,1
35,120180,12,Final Grades,2019,D430-Prohuska-Blue 4,D430,I,1.0,0.0,0,0,1
36,120180,12,Final Grades,2019,I1043-Breneman-Blue 2,I1043,P,1.0,1.0,0,0,1
37,120103,12,Final Grades,2019,A400-Crain-Gold 3,A400,I,1.0,0.0,0,0,1
38,120103,12,Final Grades,2019,B400-Leon-Gold 2,B400,C+,1.0,1.0,0,0,1
39,120103,12,Final Grades,2019,C402-Hansen-Blue 3,C402,B,1.0,1.0,0,0,1
40,120103,12,Final Grades,2019,D430-Prohuska-Blue 2,D430,C-,1.0,1.0,0,0,1
41,120103,12,Final Grades,2019,E400-Lopez-Blue 4,E400,C+,1.0,1.0,0,0,1
42,120103,12,Final Grades,2019,I1043-Breneman-Gold 4,I1043,P,1.0,1.0,0,0,1
43,120027,12,Final Grades,2019,A400-Crain-Gold 3,A400,C+,1.0,1.0,0,0,1
44,120027,12,Final Grades,2019,B400-Leon-Gold 4,B400,C,1.0,1.0,0,0,1
45,120027,12,Final Grades,2019,C402-Hansen-Blue 4,C402,A+,1.0,1.0,0,0,1
46,120027,12,Final Grades,2019,D200-Roorda-Gold 2,D200,C+,1.0,1.0,0,0,1
47,120027,12,Final Grades,2019,D430-Prohuska-Blue 3,D430,C-,1.0,1.0,0,0,1
48,120027,12,Final Grades,2019,E200-Lopez-Blue 2,E200,A,1.0,1.0,0,0,1
49,120051,12,Final Grades,2019,A400-Crain-Gold 3,A400,A+,1.0,1.0,0,0,1
50,120051,12,Final Grades,2019,B400-Leon-Gold 2,B400,A+,1.0,1.0,0,0,1
51,120051,12,Final Grades,2019,C400-Reynolds-Blue 3,C400,A-,1.0,1.0,0,0,1
52,120051,12,Final Grades,2019,D430-Prohuska-Blue 4,D430,A,1.0,1.0,0,0,1
53,120051,12,Final Grades,2019,F502-Guerra-Blue 2,F502,A,1.0,1.0,0,0,1
54,120051,12,Final Grades,2019,7593,I136OP,NO GRADE,1.0,1.0,0,0,1
55,120051,12,Final Grades,2019,7594,I199,NO GRADE,1.0,1.0,0,0,1
56,120118,12,Final Grades,2019,A400-Crain-Gold 4,A400,B+,1.0,1.0,0,0,1
57,120118,12,Final Grades,2019,B400-Leon-Gold 3,B400,A,1.0,1.0,0,0,1
58,120118,12,Final Grades,2019,C402-Hansen-Blue 3,C402,A+,1.0,1.0,0,0,1
59,120118,12,Final Grades,2019,D430-Prohuska-Blue 2,D430,A-,1.0,1.0,0,0,1
60,120118,12,Final Grades,2019,E300-Reisch-Gold 2,E300,B+,1.0,1.0,0,0,1
61,120118,12,Final Grades,2019,I1043-Breneman-Blue 4,I1043,P,1.0,1.0,0,0,1
62,120114,12,Final Grades,2019,A400-Crain-Gold 2,A400,C+,1.0,1.0,0,0,1
63,120114,12,Final Grades,2019,B400-Leon-Gold 3,B400,B-,1.0,1.0,0,0,1
64,120114,12,Final Grades,2019,D430-Prohuska-Blue 3,D430,B-,1.0,1.0,0,0,1
65,120114,12,Final Grades,2019,F502-Guerra-Blue 4,F502,A,1.0,1.0,0,0,1
66,120114,12,Final Grades,2019,I1043-Breneman-Gold 4,I1043,P,1.0,1.0,0,0,1
67,120114,12,Final Grades,2019,S4100-Harmon-Blue 2,S4100,A-,1.0,1.0,0,0,1
68,120007,12,Final Grades,2019,A400-Crain-Gold 3,A400,I,1.0,0.0,0,0,1
69,120007,12,Final Grades,2019,B400-Leon-Gold 2,B400,C+,1.0,1.0,0,0,1
70,120007,12,Final Grades,2019,D430-Prohuska-Blue 3,D430,I,1.0,0.0,0,0,1
71,120007,12,Final Grades,2019,F502-Guerra-Blue 4,F502,A-,1.0,1.0,0,0,1
72,120007,12,Final Grades,2019,7593,I136OP,NO GRADE,1.0,1.0,0,0,1
73,120007,12,Final Grades,2019,7594,I199,NO GRADE,1.0,1.0,0,0,1
74,120007,12,Final Grades,2019,S4100-Harmon-Blue 2,S4100,A+,1.0,1.0,0,0,1
75,120035,12,Final Grades,2019,A400-Crain-Gold 4,A400,B,1.0,1.0,0,0,1
76,120035,12,Final Grades,2019,B400-Leon-Gold 3,B400,B,1.0,1.0,0,0,1
77,120035,12,Final Grades,2019,C402-Hansen-Blue 3,C402,A-,1.0,1.0,0,0,1
78,120035,12,Final Grades,2019,D430-Prohuska-Blue 2,D430,B+,1.0,1.0,0,0,1
79,120035,12,Final Grades,2019,E400-Lopez-Blue 4,E400,B+,1.0,1.0,0,0,1
80,120035,12,Final Grades,2019,F502-Guerra-Gold 2,F502,A,1.0,1.0,0,0,1
81,120035,12,Final Grades,2019,7595,I199,NO GRADE,1.0,1.0,0,0,1
82,120146,12,Final Grades,2019,A400-Crain-Gold 4,A400,A-,1.0,1.0,0,0,1
83,120146,12,Final Grades,2019,B400-Leon-Gold 3,B400,A,1.0,1.0,0,0,1
84,120146,12,Final Grades,2019,C402-Hansen-Blue 3,C402,A+,1.0,1.0,0,0,1
85,120146,12,Final Grades,2019,D430-Prohuska-Blue 2,D430,A,1.0,1.0,0,0,1
86,120146,12,Final Grades,2019,F502-Guerra-Gold 2,F502,A,1.0,1.0,0,0,1
87,120146,12,Final Grades,2019,7592,I136OP,NO GRADE,1.0,1.0,0,0,1
88,120016,12,Final Grades,2019,A400-Crain-Gold 4,A400,A+,1.0,1.0,0,0,1
89,120016,12,Final Grades,2019,B400-Leon-Gold 3,B400,A+,1.0,1.0,0,0,1
90,120016,12,Final Grades,2019,C400-Reynolds-Blue 3,C400,A+,1.0,1.0,0,0,1
91,120016,12,Final Grades,2019,D430-Prohuska-Blue 4,D430,A,1.0,1.0,0,0,1
92,120016,12,Final Grades,2019,F502-Guerra-Blue 2,F502,A,1.0,1.0,0,0,1
93,120016,12,Final Grades,2019,7584,I136OP,NO GRADE,1.0,1.0,0,0,1
94,120016,12,Final Grades,2019,7595,I199,NO GRADE,1.0,1.0,0,0,1
95,120009,12,Final Grades,2019,A400-Crain-Gold 2,A400,C-,1.0,1.0,0,0,1
96,120009,12,Final Grades,2019,B400-Leon-Gold 3,B400,B-,1.0,1.0,0,0,1
97,120009,12,Final Grades,2019,D430-Prohuska-Blue 3,D430,C,1.0,1.0,0,0,1
98,120009,12,Final Grades,2019,I1043-Breneman-Blue 4,I1043,P,1.0,1.0,0,0,1
99,120009,12,Final Grades,2019,7593,I136OP,NO GRADE,1.0,1.0,0,0,1
100,120009,12,Final Grades,2019,7594,I199,NO GRADE,1.0,1.0,0,0,1
101,120009,12,Final Grades,2019,S4100-Harmon-Blue 2,S4100,A+,1.0,1.0,0,0,1
102,120359,12,Final Grades,2019,A400-Crain-Gold 2,A400,C-,1.0,1.0,0,0,1
103,120359,12,Final Grades,2019,B400-Leon-Gold 3,B400,B,1.0,1.0,0,0,1
104,120359,12,Final Grades,2019,C402-Hansen-Blue 4,C402,B,1.0,1.0,0,0,1
105,120359,12,Final Grades,2019,D430-Prohuska-Blue 3,D430,B-,1.0,1.0,0,0,1
106,120359,12,Final Grades,2019,F502-Guerra-Blue 2,F502,B+,1.0,1.0,0,0,1
107,120359,12,Final Grades,2019,7593,I136OP,NO GRADE,1.0,1.0,0,0,1
108,120236,12,Final Grades,2019,A400-Crain-Gold 3,A400,B-,1.0,1.0,0,0,1
109,120236,12,Final Grades,2019,B400-Leon-Gold 4,B400,B,1.0,1.0,0,0,1
110,120236,12,Final Grades,2019,C402-Hansen-Blue 3,C402,A-,1.0,1.0,0,0,1
111,120236,12,Final Grades,2019,D430-Prohuska-Blue 4,D430,B-,1.0,1.0,0,0,1
112,120236,12,Final Grades,2019,E200-Lopez-Gold 2,E200,A,1.0,1.0,0,0,1
113,120236,12,Final Grades,2019,F502-Guerra-Blue 2,F502,A,1.0,1.0,0,0,1
114,120024,12,Final Grades,2019,A400-Crain-Gold 2,A400,A,1.0,1.0,0,0,1
115,120024,12,Final Grades,2019,E200-Lopez-Blue 2,E200,A+,1.0,1.0,0,0,1
116,120100,12,Final Grades,2019,A400-Crain-Gold 4,A400,B-,1.0,1.0,0,0,1
117,120100,12,Final Grades,2019,B400-Leon-Gold 2,B400,C-,1.0,1.0,0,0,1
118,120100,12,Final Grades,2019,D200-Roorda-Gold 3,D200,C+,1.0,1.0,0,0,1
119,120100,12,Final Grades,2019,D430-Prohuska-Blue 3,D430,C,1.0,1.0,0,0,1
120,120100,12,Final Grades,2019,I1043-Breneman-Blue 4,I1043,P,1.0,1.0,0,0,1
121,120100,12,Final Grades,2019,S4100-Harmon-Blue 2,S4100,A,1.0,1.0,0,0,1
122,120066,12,Final Grades,2019,A400-Crain-Gold 3,A400,I,1.0,0.0,0,0,1
123,120066,12,Final Grades,2019,B400-Leon-Gold 4,B400,I,1.0,0.0,0,0,1
124,120066,12,Final Grades,2019,D430-Prohuska-Blue 3,D430,I,1.0,0.0,0,0,1
125,120066,12,Final Grades,2019,E200-Lopez-Gold 2,E200,B+,1.0,1.0,0,0,1
126,120066,12,Final Grades,2019,I1043-Breneman-Blue 4,I1043,P,1.0,1.0,0,0,1
127,120066,12,Final Grades,2019,S4100-Harmon-Blue 2,S4100,B-,1.0,1.0,0,0,1
128,120170,12,Final Grades,2019,A400-Crain-Gold 3,A400,B-,1.0,1.0,0,0,1
129,120170,12,Final Grades,2019,B400-Leon-Gold 2,B400,B-,1.0,1.0,0,0,1
130,120170,12,Final Grades,2019,C402-Hansen-Blue 4,C402,A-,1.0,1.0,0,0,1
131,120170,12,Final Grades,2019,D430-Prohuska-Blue 3,D430,B-,1.0,1.0,0,0,1
132,120170,12,Final Grades,2019,E300-Reisch-Gold 4,E300,A-,1.0,1.0,0,0,1
133,120170,12,Final Grades,2019,F502-Guerra-Blue 2,F502,A-,1.0,1.0,0,0,1
134,120170,12,Final Grades,2019,7595,I199,NO GRADE,1.0,1.0,0,0,1
135,120098,12,Final Grades,2019,A400-Crain-Gold 4,A400,C,1.0,1.0,0,0,1
136,120098,12,Final Grades,2019,B400-Leon-Gold 3,B400,B,1.0,1.0,0,0,1
137,120098,12,Final Grades,2019,C402-Hansen-Blue 3,C402,B,1.0,1.0,0,0,1
138,120098,12,Final Grades,2019,D430-Prohuska-Blue 2,D430,B+,1.0,1.0,0,0,1
139,120162,12,Final Grades,2019,A400-Crain-Gold 3,A400,A,1.0,1.0,0,0,1
140,120162,12,Final Grades,2019,B400-Leon-Gold 2,B400,A-,1.0,1.0,0,0,1
141,120162,12,Final Grades,2019,C400-Reynolds-Blue 3,C400,C+,1.0,1.0,0,0,1
142,120162,12,Final Grades,2019,D430-Prohuska-Blue 2,D430,A,1.0,1.0,0,0,1
143,120162,12,Final Grades,2019,F502-Guerra-Blue 4,F502,A,1.0,1.0,0,0,1
144,120162,12,Final Grades,2019,I1043-Breneman-Gold 4,I1043,P,1.0,1.0,0,0,1
145,120004,12,Final Grades,2019,A400-Crain-Gold 4,A400,C+,1.0,1.0,0,0,1
146,120004,12,Final Grades,2019,B400-Leon-Gold 3,B400,B,1.0,1.0,0,0,1
147,120004,12,Final Grades,2019,C402-Hansen-Blue 4,C402,B-,1.0,1.0,0,0,1
148,120004,12,Final Grades,2019,D430-Prohuska-Blue 3,D430,B-,1.0,1.0,0,0,1
149,120004,12,Final Grades,2019,E300-Reisch-Gold 2,E300,B+,1.0,1.0,0,0,1
150,120004,12,Final Grades,2019,F502-Guerra-Blue 2,F502,A-,1.0,1.0,0,0,1
151,120004,12,Final Grades,2019,7595,I199,NO GRADE,1.0,1.0,0,0,1
152,120057,12,Final Grades,2019,A400-Crain-Gold 3,A400,B,1.0,1.0,0,0,1
153,120057,12,Final Grades,2019,B400-Leon-Gold 4,B400,B,1.0,1.0,0,0,1
154,120057,12,Final Grades,2019,C400-Reynolds-Blue 3,C400,B-,1.0,1.0,0,0,1
155,120057,12,Final Grades,2019,D430-Prohuska-Blue 2,D430,B,1.0,1.0,0,0,1
156,120057,12,Final Grades,2019,E400-Lopez-Blue 4,E400,B+,1.0,1.0,0,0,1
157,120057,12,Final Grades,2019,I1043-Breneman-Gold 2,I1043,P,1.0,1.0,0,0,1
158,120057,12,Final Grades,2019,7596,I1062,NO GRADE,1.0,1.0,0,0,1
159,120203,12,Final Grades,2019,A400-Crain-Gold 4,A400,B-,1.0,1.0,0,0,1
160,120203,12,Final Grades,2019,B400-Leon-Gold 3,B400,C+,1.0,1.0,0,0,1
161,120203,12,Final Grades,2019,C402-Hansen-Blue 3,C402,B-,1.0,1.0,0,0,1
162,120203,12,Final Grades,2019,D430-Prohuska-Blue 4,D430,B,1.0,1.0,0,0,1
163,120203,12,Final Grades,2019,E300-Reisch-Gold 2,E300,A-,1.0,1.0,0,0,1
164,120203,12,Final Grades,2019,F502-Guerra-Blue 2,F502,B+,1.0,1.0,0,0,1
165,120203,12,Final Grades,2019,7595,I199,NO GRADE,1.0,1.0,0,0,1
166,120071,12,Final Grades,2019,A400-Crain-Gold 2,A400,B-,1.0,1.0,0,0,1
167,120071,12,Final Grades,2019,B400-Leon-Gold 4,B400,A-,1.0,1.0,0,0,1
168,120071,12,Final Grades,2019,C402-Hansen-Blue 4,C402,A-,1.0,1.0,0,0,1
169,120071,12,Final Grades,2019,D430-Prohuska-Blue 3,D430,B,1.0,1.0,0,0,1
170,120071,12,Final Grades,2019,F502-Guerra-Blue 2,F502,B,1.0,1.0,0,0,1
171,120071,12,Final Grades,2019,7544,I136OP,NO GRADE,1.0,1.0,0,0,1
172,120071,12,Final Grades,2019,7595,I199,NO GRADE,1.0,1.0,0,0,1
173,120054,12,Final Grades,2019,A400-Crain-Gold 3,A400,B-,1.0,1.0,0,0,1
174,120054,12,Final Grades,2019,B400-Leon-Gold 2,B400,B-,1.0,1.0,0,0,1
175,120054,12,Final Grades,2019,C402-Hansen-Blue 3,C402,A,1.0,1.0,0,0,1
176,120054,12,Final Grades,2019,D430-Prohuska-Blue 4,D430,B,1.0,1.0,0,0,1
177,120054,12,Final Grades,2019,F502-Guerra-Blue 2,F502,B+,1.0,1.0,0,0,1
178,120054,12,Final Grades,2019,I1043-Breneman-Gold 4,I1043,P,1.0,1.0,0,0,1
179,120023,12,Final Grades,2019,A400-Crain-Gold 2,A400,B+,1.0,1.0,0,0,1
180,120023,12,Final Grades,2019,B400-Leon-Gold 3,B400,B,1.0,1.0,0,0,1
181,120023,12,Final Grades,2019,C400-Reynolds-Blue 3,C400,C+,1.0,1.0,0,0,1
182,120023,12,Final Grades,2019,D430-Prohuska-Blue 2,D430,B+,1.0,1.0,0,0,1
183,120023,12,Final Grades,2019,E400-Lopez-Blue 4,E400,B+,1.0,1.0,0,0,1
184,120023,12,Final Grades,2019,I1043-Breneman-Gold 4,I1043,P,1.0,1.0,0,0,1
185,120210,12,Final Grades,2019,A400-Crain-Gold 3,A400,B,1.0,1.0,0,0,1
186,120210,12,Final Grades,2019,B400-Leon-Gold 2,B400,B,1.0,1.0,0,0,1
187,120210,12,Final Grades,2019,C402-Hansen-Blue 3,C402,B,1.0,1.0,0,0,1
188,120210,12,Final Grades,2019,D430-Prohuska-Blue 4,D430,B,1.0,1.0,0,0,1
189,120210,12,Final Grades,2019,E300-Reisch-Gold 4,E300,A-,1.0,1.0,0,0,1
190,120210,12,Final Grades,2019,7591,I136OP,NO GRADE,1.0,1.0,0,0,1
191,120058,12,Final Grades,2019,A400-Crain-Gold 2,A400,B-,1.0,1.0,0,0,1
192,120058,12,Final Grades,2019,B400-Leon-Gold 3,B400,C,1.0,1.0,0,0,1
193,120058,12,Final Grades,2019,C402-Hansen-Blue 3,C402,B,1.0,1.0,0,0,1
194,120058,12,Final Grades,2019,D430-Prohuska-Blue 4,D430,C,1.0,1.0,0,0,1
195,120058,12,Final Grades,2019,F502-Guerra-Gold 4,F502,A-,1.0,1.0,0,0,1
196,120058,12,Final Grades,2019,I1043-Breneman-Blue 2,I1043,P,1.0,1.0,0,0,1
197,120142,12,Final Grades,2019,A400-Crain-Gold 3,A400,B-,1.0,1.0,0,0,1
198,120142,12,Final Grades,2019,B400-Leon-Gold 2,B400,C+,1.0,1.0,0,0,1
199,120142,12,Final Grades,2019,C402-Hansen-Blue 3,C402,A,1.0,1.0,0,0,1
200,120142,12,Final Grades,2019,D430-Prohuska-Blue 4,D430,C,1.0,1.0,0,0,1
201,120142,12,Final Grades,2019,E200-Lopez-Blue 2,E200,B+,1.0,1.0,0,0,1
202,120142,12,Final Grades,2019,7593,I136OP,NO GRADE,1.0,1.0,0,0,1
203,120142,12,Final Grades,2019,7595,I199,NO GRADE,1.0,1.0,0,0,1
204,120011,12,Final Grades,2019,A400-Crain-Gold 4,A400,C+,1.0,1.0,0,0,1
205,120011,12,Final Grades,2019,B400-Leon-Gold 3,B400,B-,1.0,1.0,0,0,1
206,120011,12,Final Grades,2019,C400-Reynolds-Blue 3,C400,C,1.0,1.0,0,0,1
207,120011,12,Final Grades,2019,D430-Prohuska-Blue 4,D430,B,1.0,1.0,0,0,1
208,120011,12,Final Grades,2019,E200-Lopez-Gold 2,E200,A,1.0,1.0,0,0,1
209,120011,12,Final Grades,2019,F502-Guerra-Blue 2,F502,A,1.0,1.0,0,0,1
210,120011,12,Final Grades,2019,7596,I1062,NO GRADE,1.0,1.0,0,0,1
211,120011,12,Final Grades,2019,7595,I199,NO GRADE,1.0,1.0,0,0,1
212,120013,12,Final Grades,2019,A400-Crain-Gold 3,A400,A,1.0,1.0,0,0,1
213,120013,12,Final Grades,2019,B400-Leon-Gold 2,B400,A-,1.0,1.0,0,0,1
214,120013,12,Final Grades,2019,C402-Hansen-Blue 3,C402,A,1.0,1.0,0,0,1
215,120013,12,Final Grades,2019,D430-Prohuska-Blue 4,D430,A,1.0,1.0,0,0,1
216,120013,12,Final Grades,2019,F502-Guerra-Blue 2,F502,A,1.0,1.0,0,0,1
217,120013,12,Final Grades,2019,7593,I136OP,NO GRADE,1.0,1.0,0,0,1
218,120013,12,Final Grades,2019,7595,I199,NO GRADE,1.0,1.0,0,0,1
219,120357,12,Final Grades,2019,A200-Carlson-Gold 3,A200,B-,1.0,1.0,0,0,1
220,120357,12,Final Grades,2019,B200-Fernandez-Gold 2,B200,A-,1.0,1.0,0,0,1
221,120357,12,Final Grades,2019,D300-Roorda-Blue 3,D300,A,1.0,1.0,0,0,1
222,120357,12,Final Grades,2019,F502-Guerra-Gold 4,F502,A+,1.0,1.0,0,0,1
223,120357,12,Final Grades,2019,7592,I136OP,NO GRADE,1.0,1.0,0,0,1
224,120357,12,Final Grades,2019,S4100-Harmon-Blue 2,S4100,A+,1.0,1.0,0,0,1
225,120010,12,Final Grades,2019,A400-Crain-Gold 4,A400,A-,1.0,1.0,0,0,1
226,120010,12,Final Grades,2019,B400-Leon-Gold 3,B400,B,1.0,1.0,0,0,1
227,120010,12,Final Grades,2019,D430-Prohuska-Blue 3,D430,B,1.0,1.0,0,0,1
228,120010,12,Final Grades,2019,F502-Guerra-Blue 4,F502,A,1.0,1.0,0,0,1
229,120010,12,Final Grades,2019,I1043-Breneman-Gold 2,I1043,P,1.0,1.0,0,0,1
230,120010,12,Final Grades,2019,S4100-Harmon-Blue 2,S4100,A+,1.0,1.0,0,0,1
231,120075,12,Final Grades,2019,A400-Crain-Gold 2,A400,B,1.0,1.0,0,0,1
232,120075,12,Final Grades,2019,B400-Leon-Gold 3,B400,B,1.0,1.0,0,0,1
233,120075,12,Final Grades,2019,C402-Hansen-Blue 4,C402,B+,1.0,1.0,0,0,1
234,120075,12,Final Grades,2019,D430-Prohuska-Blue 3,D430,A-,1.0,1.0,0,0,1
235,120075,12,Final Grades,2019,E300-Reisch-Gold 4,E300,A-,1.0,1.0,0,0,1
236,120075,12,Final Grades,2019,I1043-Breneman-Blue 2,I1043,P,1.0,1.0,0,0,1
237,120046,12,Final Grades,2019,A400-Crain-Gold 2,A400,C+,1.0,1.0,0,0,1
238,120046,12,Final Grades,2019,B400-Leon-Gold 3,B400,B+,1.0,1.0,0,0,1
239,120046,12,Final Grades,2019,C402-Hansen-Blue 4,C402,B,1.0,1.0,0,0,1
240,120046,12,Final Grades,2019,D430-Prohuska-Blue 3,D430,C+,1.0,1.0,0,0,1
241,120046,12,Final Grades,2019,E300-Reisch-Gold 4,E300,B,1.0,1.0,0,0,1
242,120046,12,Final Grades,2019,F502-Guerra-Blue 2,F502,B,1.0,1.0,0,0,1
243,120046,12,Final Grades,2019,7595,I199,NO GRADE,1.0,1.0,0,0,1
244,120028,12,Final Grades,2019,A400-Crain-Gold 3,A400,B,1.0,1.0,0,0,1
245,120028,12,Final Grades,2019,B400-Leon-Gold 2,B400,A,1.0,1.0,0,0,1
246,120028,12,Final Grades,2019,C400-Reynolds-Blue 3,C400,B+,1.0,1.0,0,0,1
247,120028,12,Final Grades,2019,D430-Prohuska-Blue 4,D430,A-,1.0,1.0,0,0,1
248,120028,12,Final Grades,2019,E300-Reisch-Gold 4,E300,A,1.0,1.0,0,0,1
249,120028,12,Final Grades,2019,I1043-Breneman-Blue 2,I1043,P,1.0,1.0,0,0,1
250,120289,12,Final Grades,2019,A400-Crain-Gold 2,A400,C+,1.0,1.0,0,0,1
251,120289,12,Final Grades,2019,B400-Leon-Gold 4,B400,I,1.0,0.0,0,0,1
252,120289,12,Final Grades,2019,C402-Hansen-Blue 3,C402,B-,1.0,1.0,0,0,1
253,120289,12,Final Grades,2019,D200-Roorda-Gold 3,D200,C-,1.0,1.0,0,0,1
254,120289,12,Final Grades,2019,E200-Lopez-Blue 2,E200,C,1.0,1.0,0,0,1
255,120289,12,Final Grades,2019,F502-Guerra-Blue 4,F502,B-,1.0,1.0,0,0,1
256,120151,12,Final Grades,2019,A300-Crain-Blue 4,A300,I,1.0,0.0,0,0,1
257,120151,12,Final Grades,2019,B300-Leon-Blue 3,B300,I,1.0,0.0,0,0,1
258,120151,12,Final Grades,2019,C320-Hansen-Gold 3,C320,C-,1.0,1.0,0,0,1
259,120151,12,Final Grades,2019,D430-Prohuska-Blue 2,D430,I,1.0,0.0,0,0,1
260,120151,12,Final Grades,2019,E200-Lopez-Gold 4,E200,I,1.0,0.0,0,0,1
261,120151,12,Final Grades,2019,F502-Guerra-Gold 2,F502,I,1.0,0.0,0,0,1
262,120185,12,Final Grades,2019,A400-Crain-Gold 4,A400,B+,1.0,1.0,0,0,1
263,120185,12,Final Grades,2019,B400-Leon-Gold 3,B400,A,1.0,1.0,0,0,1
264,120185,12,Final Grades,2019,C402-Hansen-Blue 3,C402,A+,1.0,1.0,0,0,1
265,120185,12,Final Grades,2019,D430-Prohuska-Blue 2,D430,B,1.0,1.0,0,0,1
266,120185,12,Final Grades,2019,E300-Reisch-Gold 2,E300,A-,1.0,1.0,0,0,1
267,120185,12,Final Grades,2019,7681,F502,A,1.0,1.0,0,0,1
268,120185,12,Final Grades,2019,I1043-Breneman-Blue 4,I1043,P,1.0,1.0,0,0,1
269,120131,12,Final Grades,2019,A400-Crain-Gold 2,A400,A+,1.0,1.0,0,0,1
270,120131,12,Final Grades,2019,C400-Reynolds-Blue 3,C400,A,1.0,1.0,0,0,1
271,120131,12,Final Grades,2019,7596,I1062,NO GRADE,1.0,1.0,0,0,1
272,120131,12,Final Grades,2019,7595,I199,NO GRADE,1.0,1.0,0,0,1
273,120135,12,Final Grades,2019,A400-Crain-Gold 2,A400,B-,1.0,1.0,0,0,1
274,120135,12,Final Grades,2019,B400-Leon-Gold 4,B400,C-,1.0,1.0,0,0,1
275,120135,12,Final Grades,2019,D200-Roorda-Gold 3,D200,C-,1.0,1.0,0,0,1
276,120135,12,Final Grades,2019,D430-Prohuska-Blue 3,D430,C+,1.0,1.0,0,0,1
277,120135,12,Final Grades,2019,E400-Lopez-Blue 4,E400,A,1.0,1.0,0,0,1
278,120135,12,Final Grades,2019,7595,I199,NO GRADE,1.0,1.0,0,0,1
279,120135,12,Final Grades,2019,S4100-Harmon-Blue 2,S4100,B,1.0,1.0,0,0,1
280,120047,12,Final Grades,2019,A400-Crain-Gold 2,A400,B,1.0,1.0,0,0,1
281,120047,12,Final Grades,2019,D430-Prohuska-Blue 4,D430,A-,1.0,1.0,0,0,1
282,120047,12,Final Grades,2019,I1043-Breneman-Gold 4,I1043,P,1.0,1.0,0,0,1
283,120047,12,Final Grades,2019,7596,I1062,NO GRADE,1.0,1.0,0,0,1
284,120047,12,Final Grades,2019,S4100-Harmon-Blue 2,S4100,A,1.0,1.0,0,0,1
285,120209,12,Final Grades,2019,A400-Crain-Gold 3,A400,C-,1.0,1.0,0,0,1
286,120209,12,Final Grades,2019,B400-Leon-Gold 4,B400,B+,1.0,1.0,0,0,1
287,120209,12,Final Grades,2019,C402-Hansen-Blue 3,C402,B,1.0,1.0,0,0,1
288,120209,12,Final Grades,2019,D430-Prohuska-Blue 2,D430,B,1.0,1.0,0,0,1
289,120209,12,Final Grades,2019,E300-Reisch-Gold 2,E300,A-,1.0,1.0,0,0,1
290,120209,12,Final Grades,2019,I1043-Breneman-Blue 4,I1043,P,1.0,1.0,0,0,1
291,120113,12,Final Grades,2019,A400-Crain-Gold 2,A400,A+,1.0,1.0,0,0,1
292,120113,12,Final Grades,2019,C400-Reynolds-Blue 3,C400,A+,1.0,1.0,0,0,1
293,120113,12,Final Grades,2019,7596,I1062,NO GRADE,1.0,1.0,0,0,1
294,120113,12,Final Grades,2019,7595,I199,NO GRADE,1.0,1.0,0,0,1
295,120083,12,Final Grades,2019,A400-Crain-Gold 2,A400,A,1.0,1.0,0,0,1
296,120083,12,Final Grades,2019,B400-Leon-Gold 4,B400,A,1.0,1.0,0,0,1
297,120083,12,Final Grades,2019,C400-Reynolds-Blue 3,C400,B,1.0,1.0,0,0,1
298,120083,12,Final Grades,2019,D430-Prohuska-Blue 4,D430,A,1.0,1.0,0,0,1
299,120083,12,Final Grades,2019,I1043-Breneman-Blue 2,I1043,P,1.0,1.0,0,0,1
300,120083,12,Final Grades,2019,7596,I1062,NO GRADE,1.0,1.0,0,0,1
301,120083,12,Final Grades,2019,7544,I136OP,NO GRADE,1.0,1.0,0,0,1
302,120055,12,Final Grades,2019,C400-Reynolds-Blue 3,C400,A-,1.0,1.0,0,0,1
303,120055,12,Final Grades,2019,E200-Lopez-Blue 2,E200,A,1.0,1.0,0,0,1
304,120055,12,Final Grades,2019,7595,I199,NO GRADE,1.0,1.0,0,0,1
305,120030,12,Final Grades,2019,A400-Crain-Gold 2,A400,B,1.0,1.0,0,0,1
306,120030,12,Final Grades,2019,B400-Leon-Gold 4,B400,B-,1.0,1.0,0,0,1
307,120030,12,Final Grades,2019,D200-Roorda-Gold 3,D200,C,1.0,1.0,0,0,1
308,120030,12,Final Grades,2019,D430-Prohuska-Blue 3,D430,C,1.0,1.0,0,0,1
309,120030,12,Final Grades,2019,I1043-Breneman-Blue 4,I1043,P,1.0,1.0,0,0,1
310,120030,12,Final Grades,2019,S4100-Harmon-Blue 2,S4100,A+,1.0,1.0,0,0,1
311,120053,12,Final Grades,2019,A400-Crain-Gold 2,A400,A,1.0,1.0,0,0,1
312,120053,12,Final Grades,2019,C400-Reynolds-Blue 3,C400,B-,1.0,1.0,0,0,1
313,120053,12,Final Grades,2019,D430-Prohuska-Blue 2,D430,B+,1.0,1.0,0,0,1
314,120053,12,Final Grades,2019,7595,I199,NO GRADE,1.0,1.0,0,0,1
315,120091,12,Final Grades,2019,A400-Crain-Gold 2,A400,A-,1.0,1.0,0,0,1
316,120091,12,Final Grades,2019,C400-Reynolds-Blue 3,C400,B,1.0,1.0,0,0,1
317,120091,12,Final Grades,2019,D200-Roorda-Gold 3,D200,A-,1.0,1.0,0,0,1
318,120091,12,Final Grades,2019,D430-Prohuska-Blue 2,D430,A-,1.0,1.0,0,0,1
319,120091,12,Final Grades,2019,7596,I1062,NO GRADE,1.0,1.0,0,0,1
320,120091,12,Final Grades,2019,7595,I199,NO GRADE,1.0,1.0,0,0,1
321,120037,12,Final Grades,2019,A400-Crain-Gold 4,A400,B-,1.0,1.0,0,0,1
322,120037,12,Final Grades,2019,B400-Leon-Gold 3,B400,B+,1.0,1.0,0,0,1
323,120037,12,Final Grades,2019,D430-Prohuska-Blue 3,D430,B,1.0,1.0,0,0,1
324,120037,12,Final Grades,2019,F502-Guerra-Blue 4,F502,A,1.0,1.0,0,0,1
325,120037,12,Final Grades,2019,7584,I136OP,NO GRADE,1.0,1.0,0,0,1
326,120037,12,Final Grades,2019,7595,I199,NO GRADE,1.0,1.0,0,0,1
327,120037,12,Final Grades,2019,S4100-Harmon-Blue 2,S4100,B,1.0,1.0,0,0,1
328,120166,12,Final Grades,2019,A400-Crain-Gold 3,A400,C-,1.0,1.0,0,0,1
329,120166,12,Final Grades,2019,B400-Leon-Gold 2,B400,C-,1.0,1.0,0,0,1
330,120166,12,Final Grades,2019,C402-Hansen-Blue 3,C402,B-,1.0,1.0,0,0,1
331,120166,12,Final Grades,2019,D430-Prohuska-Blue 2,D430,C,1.0,1.0,0,0,1
332,120166,12,Final Grades,2019,E200-Lopez-Gold 4,E200,A-,1.0,1.0,0,0,1
333,120166,12,Final Grades,2019,F502-Guerra-Blue 4,F502,A,1.0,1.0,0,0,1
334,120166,12,Final Grades,2019,7595,I199,NO GRADE,1.0,1.0,0,0,1
335,120072,12,Final Grades,2019,A400-Crain-Gold 3,A400,A-,1.0,1.0,0,0,1
336,120072,12,Final Grades,2019,B400-Leon-Gold 4,B400,A,1.0,1.0,0,0,1
337,120072,12,Final Grades,2019,C400-Reynolds-Blue 3,C400,A,1.0,1.0,0,0,1
338,120072,12,Final Grades,2019,D430-Prohuska-Blue 4,D430,A-,1.0,1.0,0,0,1
339,120072,12,Final Grades,2019,F502-Guerra-Blue 2,F502,A,1.0,1.0,0,0,1
340,120072,12,Final Grades,2019,7596,I1062,NO GRADE,1.0,1.0,0,0,1
341,120072,12,Final Grades,2019,7584,I136OP,NO GRADE,1.0,1.0,0,0,1
342,120072,12,Final Grades,2019,7595,I199,NO GRADE,1.0,1.0,0,0,1
343,120033,12,Final Grades,2019,A400-Crain-Gold 4,A400,B,1.0,1.0,0,0,1
344,120033,12,Final Grades,2019,B400-Leon-Gold 3,B400,B-,1.0,1.0,0,0,1
345,120033,12,Final Grades,2019,D430-Prohuska-Blue 3,D430,B-,1.0,1.0,0,0,1
346,120033,12,Final Grades,2019,E400-Lopez-Blue 4,E400,B,1.0,1.0,0,0,1
347,120033,12,Final Grades,2019,I1043-Breneman-Gold 2,I1043,P,1.0,1.0,0,0,1
348,120033,12,Final Grades,2019,S4100-Harmon-Blue 2,S4100,B,1.0,1.0,0,0,1
349,120102,12,Final Grades,2019,A400-Crain-Gold 3,A400,A-,1.0,1.0,0,0,1
350,120102,12,Final Grades,2019,B400-Leon-Gold 2,B400,A,1.0,1.0,0,0,1
351,120102,12,Final Grades,2019,C320-Hansen-Gold 4,C320,C+,1.0,1.0,0,0,1
352,120102,12,Final Grades,2019,D430-Prohuska-Blue 3,D430,A-,1.0,1.0,0,0,1
353,120102,12,Final Grades,2019,E200-Lopez-Blue 2,E200,A-,1.0,1.0,0,0,1
354,120102,12,Final Grades,2019,F502-Guerra-Blue 4,F502,A+,1.0,1.0,0,0,1
355,120106,12,Final Grades,2019,A400-Crain-Gold 3,A400,B,1.0,1.0,0,0,1
356,120106,12,Final Grades,2019,B400-Leon-Gold 2,B400,B+,1.0,1.0,0,0,1
357,120106,12,Final Grades,2019,D430-Prohuska-Blue 3,D430,A-,1.0,1.0,0,0,1
358,120106,12,Final Grades,2019,E300-Reisch-Gold 4,E300,A,1.0,1.0,0,0,1
359,120106,12,Final Grades,2019,I1043-Breneman-Blue 4,I1043,P,1.0,1.0,0,0,1
360,120106,12,Final Grades,2019,S4100-Harmon-Blue 2,S4100,A+,1.0,1.0,0,0,1
361,120261,12,Final Grades,2019,B300-Leon-Blue 3,B300,A+,1.0,1.0,0,0,1
362,120261,12,Final Grades,2019,B400-Leon-Gold 3,B400,A,1.0,1.0,0,0,1
363,120261,12,Final Grades,2019,D430-Prohuska-Blue 2,D430,A+,1.0,1.0,0,0,1
364,120261,12,Final Grades,2019,E400-Lopez-Blue 4,E400,A+,1.0,1.0,0,0,1
365,120261,12,Final Grades,2019,F502-Guerra-Gold 4,F502,A+,1.0,1.0,0,0,1
366,120261,12,Final Grades,2019,I1043-Breneman-Gold 2,I1043,P,1.0,1.0,0,0,1
367,120261,12,Final Grades,2019,7596,I1062,NO GRADE,1.0,1.0,0,0,1
368,120094,12,Final Grades,2019,A400-Crain-Gold 2,A400,A,1.0,1.0,0,0,1
369,120094,12,Final Grades,2019,B400-Leon-Gold 3,B400,A-,1.0,1.0,0,0,1
370,120094,12,Final Grades,2019,C402-Hansen-Blue 3,C402,A-,1.0,1.0,0,0,1
371,120094,12,Final Grades,2019,D430-Prohuska-Blue 2,D430,A,1.0,1.0,0,0,1
372,120094,12,Final Grades,2019,E400-Lopez-Blue 4,E400,A,1.0,1.0,0,0,1
373,120094,12,Final Grades,2019,F502-Guerra-Gold 4,F502,A,1.0,1.0,0,0,1
374,120094,12,Final Grades,2019,7595,I199,NO GRADE,1.0,1.0,0,0,1
375,120003,12,Final Grades,2019,A400-Crain-Gold 3,A400,B+,1.0,1.0,0,0,1
376,120003,12,Final Grades,2019,B400-Leon-Gold 4,B400,B+,1.0,1.0,0,0,1
377,120003,12,Final Grades,2019,C402-Hansen-Blue 3,C402,A-,1.0,1.0,0,0,1
378,120003,12,Final Grades,2019,D430-Prohuska-Blue 2,D430,B-,1.0,1.0,0,0,1
379,120003,12,Final Grades,2019,E400-Lopez-Blue 4,E400,B,1.0,1.0,0,0,1
380,120003,12,Final Grades,2019,F502-Guerra-Gold 2,F502,A,1.0,1.0,0,0,1
381,120003,12,Final Grades,2019,7595,I199,NO GRADE,1.0,1.0,0,0,1
382,120059,12,Final Grades,2019,A400-Crain-Gold 4,A400,B+,1.0,1.0,0,0,1
383,120059,12,Final Grades,2019,B400-Leon-Gold 3,B400,B+,1.0,1.0,0,0,1
384,120059,12,Final Grades,2019,C400-Reynolds-Blue 3,C400,C,1.0,1.0,0,0,1
385,120059,12,Final Grades,2019,D430-Prohuska-Blue 2,D430,A-,1.0,1.0,0,0,1
386,120059,12,Final Grades,2019,E300-Reisch-Gold 2,E300,C+,1.0,1.0,0,0,1
387,120059,12,Final Grades,2019,F502-Guerra-Blue 4,F502,A-,1.0,1.0,0,0,1
388,120059,12,Final Grades,2019,7596,I1062,NO GRADE,1.0,1.0,0,0,1
389,120059,12,Final Grades,2019,7595,I199,NO GRADE,1.0,1.0,0,0,1
390,120195,12,Final Grades,2019,A400-Crain-Gold 4,A400,B,1.0,1.0,0,0,1
391,120195,12,Final Grades,2019,B400-Leon-Gold 3,B400,C+,1.0,1.0,0,0,1
392,120195,12,Final Grades,2019,C402-Hansen-Blue 3,C402,B,1.0,1.0,0,0,1
393,120195,12,Final Grades,2019,D430-Prohuska-Blue 2,D430,B+,1.0,1.0,0,0,1
394,120195,12,Final Grades,2019,E200-Lopez-Gold 2,E200,C,1.0,1.0,0,0,1
395,120195,12,Final Grades,2019,I1043-Breneman-Blue 4,I1043,P,1.0,1.0,0,0,1
396,120060,12,Final Grades,2019,A400-Crain-Gold 3,A400,C,1.0,1.0,0,0,1
397,120060,12,Final Grades,2019,B400-Leon-Gold 4,B400,B-,1.0,1.0,0,0,1
398,120060,12,Final Grades,2019,C402-Hansen-Blue 3,C402,A-,1.0,1.0,0,0,1
399,120060,12,Final Grades,2019,D430-Prohuska-Blue 2,D430,B-,1.0,1.0,0,0,1
400,120060,12,Final Grades,2019,E400-Lopez-Blue 4,E400,A,1.0,1.0,0,0,1
401,120060,12,Final Grades,2019,F502-Guerra-Gold 2,F502,A,1.0,1.0,0,0,1
402,120060,12,Final Grades,2019,7595,I199,NO GRADE,1.0,1.0,0,0,1
403,110108,11,Final Grades,2019,C400-MADONNA-T4/F4,C400,B-,1.0,1.0,0,0,1
404,110108,11,Final Grades,2019,BtC-Temes-T5,S4100,A,1.0,1.0,0,0,1
405,110403,11,Final Grades,2019,A400-IRVAN-M3/H3,A400,B-,1.0,1.0,0,0,1
406,110403,11,Final Grades,2019,B400-VISPERAS-T3/F3,B400,I,1.0,0.0,0,0,1
407,110403,11,Final Grades,2019,C400-MADONNA-T4/F4,C400,I,1.0,0.0,0,0,1
408,110403,11,Final Grades,2019,D430-HANZLICK-BURTON-M2/H2,D430,C-,1.0,1.0,0,0,1
409,110403,11,Final Grades,2019,E200-ARIAS-T2/F2,E200,B-,1.0,1.0,0,0,1
410,110403,11,Final Grades,2019,S1_GB_I1030-VINSON-M2/H2,I1030,P,1.0,1.0,0,0,1
411,110403,11,Final Grades,2019,I1044-MENDEZ-M4/H4,I1044,NO GRADE,1.0,1.0,0,0,1
412,110403,11,Final Grades,2019,7776,I199,NO GRADE,1.0,1.0,0,0,1
413,110202,11,Final Grades,2019,A400-IRVAN-T4/F4,A400,A-,1.0,1.0,0,0,1
414,110202,11,Final Grades,2019,B400-VISPERAS-T3/F3,B400,B-,1.0,1.0,0,0,1
415,110202,11,Final Grades,2019,C400-MADONNA-M3/H3,C400,A-,1.0,1.0,0,0,1
416,110202,11,Final Grades,2019,D430-HANZLICK-BURTON-M4/H4,D430,I,1.0,0.0,0,0,1
417,110202,11,Final Grades,2019,S1_GB_I1026-LOPEZ-M2/H2,I1026,P,1.0,1.0,0,0,1
418,110202,11,Final Grades,2019,I1031-BABA-T2/F2,I1031,NO GRADE,1.0,1.0,0,0,1
419,110202,11,Final Grades,2019,7776,I199,NO GRADE,1.0,1.0,0,0,1
420,110202,11,Final Grades,2019,BtC-Temes-T5,S4100,A,1.0,1.0,0,0,1
421,110354,11,Final Grades,2019,A200-HESS-M3/H3,A200,I,1.0,0.0,0,0,1
422,110354,11,Final Grades,2019,A400-IRVAN-T2/F2,A400,A-,1.0,1.0,0,0,1
423,110354,11,Final Grades,2019,B400-VISPERAS-T4/F4,B400,B,1.0,1.0,0,0,1
424,110354,11,Final Grades,2019,D430-HANZLICK-BURTON-T3/F3,D430,C+,1.0,1.0,0,0,1
425,110354,11,Final Grades,2019,S1_GB_I1030-VINSON-M2/H2,I1030,P,1.0,1.0,0,0,1
426,110354,11,Final Grades,2019,I1064-LOPEZ-M2/H2,I1064,NO GRADE,1.0,1.0,0,0,1
427,110354,11,Final Grades,2019,7776,I199,NO GRADE,1.0,1.0,0,0,1
428,110354,11,Final Grades,2019,BtC-Temes-T5,S4100,A-,1.0,1.0,0,0,1
429,110214,11,Final Grades,2019,A400-IRVAN-M3/H3,A400,A,1.0,1.0,0,0,1
430,110214,11,Final Grades,2019,B400-VISPERAS-M4/H4,B400,A,1.0,1.0,0,0,1
431,110214,11,Final Grades,2019,C400-MADONNA-T4/F4,C400,C+,1.0,1.0,0,0,1
432,110214,11,Final Grades,2019,D430-HANZLICK-BURTON-T2/F2,D430,A,1.0,1.0,0,0,1
433,110214,11,Final Grades,2019,S1_GB_I1030-VINSON-M2/H2,I1030,P,1.0,1.0,0,0,1
434,110214,11,Final Grades,2019,I1046-VINSON-M2/H2,I1046,NO GRADE,1.0,1.0,0,0,1
435,110214,11,Final Grades,2019,7776,I199,NO GRADE,1.0,1.0,0,0,1
436,110214,11,Final Grades,2019,BtC-Gomez-M5,S4100,A-,1.0,1.0,0,0,1
437,110042,11,Final Grades,2019,A400-IRVAN-T3/F3,A400,A+,1.0,1.0,0,0,1
438,110042,11,Final Grades,2019,B400-VISPERAS-M3/H3,B400,A,1.0,1.0,0,0,1
439,110042,11,Final Grades,2019,C400-MADONNA-T2/F2,C400,B,1.0,1.0,0,0,1
440,110042,11,Final Grades,2019,D430-HANZLICK-BURTON-M4/H4,D430,A-,1.0,1.0,0,0,1
441,110042,11,Final Grades,2019,G104-MENDEZ-T4/F4,G104,A,1.0,1.0,0,0,1
442,110042,11,Final Grades,2019,7776,I199,NO GRADE,1.0,1.0,0,0,1
443,110178,11,Final Grades,2019,7776,I199,NO GRADE,1.0,1.0,0,0,1
444,110178,11,Final Grades,2019,BtC-Gomez-M5,S4100,A-,1.0,1.0,0,0,1
445,110134,11,Final Grades,2019,A400-IRVAN-M3/H3,A400,B,1.0,1.0,0,0,1
446,110134,11,Final Grades,2019,B400-VISPERAS-M4/H4,B400,C,1.0,1.0,0,0,1
447,110134,11,Final Grades,2019,C400-MADONNA-T2/F2,C400,I,1.0,0.0,0,0,1
448,110134,11,Final Grades,2019,D430-HANZLICK-BURTON-T3/F3,D430,C+,1.0,1.0,0,0,1
449,110134,11,Final Grades,2019,S1_GB_I1021-VINSON-M3/H3,I1021,P,1.0,1.0,0,0,1
450,110134,11,Final Grades,2019,I1064-LOPEZ-T4/F4,I1064,NO GRADE,1.0,1.0,0,0,1
451,110134,11,Final Grades,2019,7776,I199,NO GRADE,1.0,1.0,0,0,1
452,110134,11,Final Grades,2019,BtC-Temes-T5,S4100,A,1.0,1.0,0,0,1
453,110072,11,Final Grades,2019,C400-MADONNA-T4/F4,C400,I,1.0,0.0,0,0,1
454,110072,11,Final Grades,2019,7776,I199,NO GRADE,1.0,1.0,0,0,1
455,110218,11,Final Grades,2019,A400-IRVAN-T4/F4,A400,B-,1.0,1.0,0,0,1
456,110218,11,Final Grades,2019,B400-VISPERAS-M4/H4,B400,B,1.0,1.0,0,0,1
457,110218,11,Final Grades,2019,C400-MADONNA-M3/H3,C400,B-,1.0,1.0,0,0,1
458,110218,11,Final Grades,2019,D430-HANZLICK-BURTON-T3/F3,D430,C,1.0,1.0,0,0,1
459,110218,11,Final Grades,2019,S1_GB_I1031-BABA-M3/H3,I1031,P,1.0,1.0,0,0,1
460,110218,11,Final Grades,2019,BtC-Temes-T5,S4100,B+,1.0,1.0,0,0,1
461,110050,11,Final Grades,2019,A400-IRVAN-T2/F2,A400,I,1.0,0.0,0,0,1
462,110050,11,Final Grades,2019,B400-VISPERAS-M4/H4,B400,I,1.0,0.0,0,0,1
463,110050,11,Final Grades,2019,C400-MADONNA-M3/H3,C400,I,1.0,0.0,0,0,1
464,110050,11,Final Grades,2019,D430-HANZLICK-BURTON-M2/H2,D430,I,1.0,0.0,0,0,1
465,110050,11,Final Grades,2019,E200-ARIAS-T3/F3,E200,I,1.0,0.0,0,0,1
466,110050,11,Final Grades,2019,I1046-VINSON-T4/F4,I1046,NO GRADE,1.0,1.0,0,0,1
467,110050,11,Final Grades,2019,S1_GB_I1047-LOPEZ-M2/H2,I1047,NO GRADE,1.0,1.0,0,0,1
468,110050,11,Final Grades,2019,7776,I199,NP,1.0,0.0,0,0,1
469,110034,11,Final Grades,2019,7776,I199,NO GRADE,1.0,1.0,0,0,1
470,110066,11,Final Grades,2019,A400-IRVAN-T2/F2,A400,B+,1.0,1.0,0,0,1
471,110066,11,Final Grades,2019,B400-VISPERAS-T3/F3,B400,B,1.0,1.0,0,0,1
472,110066,11,Final Grades,2019,C400-MADONNA-M3/H3,C400,A-,1.0,1.0,0,0,1
473,110066,11,Final Grades,2019,D430-HANZLICK-BURTON-M4/H4,D430,B-,1.0,1.0,0,0,1
474,110066,11,Final Grades,2019,G104-MENDEZ-T4/F4,G104,I,1.0,0.0,0,0,1
475,110066,11,Final Grades,2019,I1064-LOPEZ-M2/H2,I1064,NO GRADE,1.0,1.0,0,0,1
476,110066,11,Final Grades,2019,7776,I199,NO GRADE,1.0,1.0,0,0,1
477,110100,11,Final Grades,2019,A400-IRVAN-T4/F4,A400,C,1.0,1.0,0,0,1
478,110100,11,Final Grades,2019,B400-VISPERAS-M4/H4,B400,C+,1.0,1.0,0,0,1
479,110100,11,Final Grades,2019,C400-MADONNA-M3/H3,C400,C,1.0,1.0,0,0,1
480,110100,11,Final Grades,2019,D430-HANZLICK-BURTON-M2/H2,D430,B,1.0,1.0,0,0,1
481,110100,11,Final Grades,2019,I1022-VINSON-T3/F3,I1022,NO GRADE,1.0,1.0,0,0,1
482,110100,11,Final Grades,2019,S1_GB_I1047-LOPEZ-M2/H2,I1047,NO GRADE,1.0,1.0,0,0,1
483,110100,11,Final Grades,2019,7776,I199,NO GRADE,1.0,1.0,0,0,1
484,110081,11,Final Grades,2019,A400-IRVAN-T3/F3,A400,A+,1.0,1.0,0,0,1
485,110081,11,Final Grades,2019,B400-VISPERAS-M3/H3,B400,A,1.0,1.0,0,0,1
486,110081,11,Final Grades,2019,C400-MADONNA-T4/F4,C400,A-,1.0,1.0,0,0,1
487,110081,11,Final Grades,2019,D430-HANZLICK-BURTON-T2/F2,D430,A-,1.0,1.0,0,0,1
488,110081,11,Final Grades,2019,S1_GB_I1026-LOPEZ-M2/H2,I1026,NO GRADE,1.0,1.0,0,0,1
489,110081,11,Final Grades,2019,7776,I199,NO GRADE,1.0,1.0,0,0,1
490,110045,11,Final Grades,2019,A400-IRVAN-T2/F2,A400,B-,1.0,1.0,0,0,1
491,110045,11,Final Grades,2019,B400-VISPERAS-M3/H3,B400,A-,1.0,1.0,0,0,1
492,110045,11,Final Grades,2019,C400-MADONNA-T4/F4,C400,C+,1.0,1.0,0,0,1
493,110045,11,Final Grades,2019,D430-HANZLICK-BURTON-M2/H2,D430,B-,1.0,1.0,0,0,1
494,110045,11,Final Grades,2019,S1_GB_I1030-VINSON-M2/H2,I1030,P,1.0,1.0,0,0,1
495,110045,11,Final Grades,2019,I1062-BABA-M4/H4,I1062,,1.0,1.0,0,0,1
496,110045,11,Final Grades,2019,7776,I199,NO GRADE,1.0,1.0,0,0,1
497,110030,11,Final Grades,2019,A400-IRVAN-T2/F2,A400,C,1.0,1.0,0,0,1
498,110030,11,Final Grades,2019,B400-VISPERAS-T4/F4,B400,I,1.0,0.0,0,0,1
499,110030,11,Final Grades,2019,C400-MADONNA-M2/H2,C400,B+,1.0,1.0,0,0,1
500,110030,11,Final Grades,2019,D430-HANZLICK-BURTON-T3/F3,D430,I,1.0,0.0,0,0,1
501,110030,11,Final Grades,2019,I1026-LOPEZ-M4/H4,I1026,NO GRADE,1.0,1.0,0,0,1
502,110030,11,Final Grades,2019,S1_GB_I1030-VINSON-M2/H2,I1030,NP,1.0,0.0,0,0,1
503,110030,11,Final Grades,2019,I1044-MENDEZ-M3/H3,I1044,NO GRADE,1.0,1.0,0,0,1
504,110030,11,Final Grades,2019,7776,I199,NO GRADE,1.0,1.0,0,0,1
505,110070,11,Final Grades,2019,A400-IRVAN-T3/F3,A400,A+,1.0,1.0,0,0,1
506,110070,11,Final Grades,2019,B400-VISPERAS-T4/F4,B400,A-,1.0,1.0,0,0,1
507,110070,11,Final Grades,2019,C400-MADONNA-M3/H3,C400,A,1.0,1.0,0,0,1
508,110070,11,Final Grades,2019,D430-HANZLICK-BURTON-T2/F2,D430,A-,1.0,1.0,0,0,1
509,110070,11,Final Grades,2019,I1064-LOPEZ-M2/H2,I1064,NO GRADE,1.0,1.0,0,0,1
510,110070,11,Final Grades,2019,7776,I199,NO GRADE,1.0,1.0,0,0,1
511,110121,11,Final Grades,2019,A400-IRVAN-T3/F3,A400,A+,1.0,1.0,0,0,1
512,110121,11,Final Grades,2019,B400-VISPERAS-M3/H3,B400,A+,1.0,1.0,0,0,1
513,110121,11,Final Grades,2019,C400-MADONNA-M2/H2,C400,A+,1.0,1.0,0,0,1
514,110121,11,Final Grades,2019,D430-HANZLICK-BURTON-T2/F2,D430,A+,1.0,1.0,0,0,1
515,110121,11,Final Grades,2019,G104-MENDEZ-T4/F4,G104,A+,1.0,1.0,0,0,1
516,110121,11,Final Grades,2019,7776,I199,NO GRADE,1.0,1.0,0,0,1
517,110024,11,Final Grades,2019,7776,I199,NP,1.0,0.0,0,0,1
518,110265,11,Final Grades,2019,A400-IRVAN-T2/F2,A400,B-,1.0,1.0,0,0,1
519,110265,11,Final Grades,2019,B400-VISPERAS-T3/F3,B400,C,1.0,1.0,0,0,1
520,110265,11,Final Grades,2019,C400-MADONNA-M3/H3,C400,B,1.0,1.0,0,0,1
521,110265,11,Final Grades,2019,D430-HANZLICK-BURTON-M2/H2,D430,C+,1.0,1.0,0,0,1
522,110265,11,Final Grades,2019,G104-MENDEZ-T4/F4,G104,I,1.0,0.0,0,0,1
523,110265,11,Final Grades,2019,7776,I199,NO GRADE,1.0,1.0,0,0,1
524,110063,11,Final Grades,2019,A400-IRVAN-M3/H3,A400,A+,1.0,1.0,0,0,1
525,110063,11,Final Grades,2019,B400-VISPERAS-T4/F4,B400,A+,1.0,1.0,0,0,1
526,110063,11,Final Grades,2019,C400-MADONNA-T2/F2,C400,A,1.0,1.0,0,0,1
527,110063,11,Final Grades,2019,D430-HANZLICK-BURTON-T3/F3,D430,A-,1.0,1.0,0,0,1
528,110063,11,Final Grades,2019,I1062-BABA-M4/H4,I1062,P,1.0,1.0,0,0,1
529,110063,11,Final Grades,2019,7776,I199,NO GRADE,1.0,1.0,0,0,1
530,110035,11,Final Grades,2019,A400-IRVAN-T4/F4,A400,A,1.0,1.0,0,0,1
531,110035,11,Final Grades,2019,B400-VISPERAS-T3/F3,B400,A-,1.0,1.0,0,0,1
532,110035,11,Final Grades,2019,C400-MADONNA-M3/H3,C400,A,1.0,1.0,0,0,1
533,110035,11,Final Grades,2019,D430-HANZLICK-BURTON-T2/F2,D430,B,1.0,1.0,0,0,1
534,110035,11,Final Grades,2019,I1044-MENDEZ-M4/H4,I1044,NO GRADE,1.0,1.0,0,0,1
535,110035,11,Final Grades,2019,S1_GB_I1072-BABA-M3/H3,I1072,P,1.0,1.0,0,0,1
536,110035,11,Final Grades,2019,7776,I199,NO GRADE,1.0,1.0,0,0,1
537,110077,11,Final Grades,2019,A400-IRVAN-T3/F3,A400,I,1.0,0.0,0,0,1
538,110077,11,Final Grades,2019,B400-VISPERAS-M3/H3,B400,I,1.0,0.0,0,0,1
539,110077,11,Final Grades,2019,C400-MADONNA-M2/H2,C400,I,1.0,0.0,0,0,1
540,110077,11,Final Grades,2019,D430-HANZLICK-BURTON-T2/F2,D430,I,1.0,0.0,0,0,1
541,110077,11,Final Grades,2019,I1026-LOPEZ-M4/H4,I1026,NO GRADE,1.0,1.0,0,0,1
542,110077,11,Final Grades,2019,S1_GB_I1072-BABA-M3/H3,I1072,P,1.0,1.0,0,0,1
543,110077,11,Final Grades,2019,7776,I199,NP,1.0,0.0,0,0,1
544,110077,11,Final Grades,2019,BtC-Gomez-M5,S4100,I,1.0,0.0,0,0,1
545,110069,11,Final Grades,2019,A400-IRVAN-T2/F2,A400,B,1.0,1.0,0,0,1
546,110069,11,Final Grades,2019,B400-VISPERAS-M4/H4,B400,B-,1.0,1.0,0,0,1
547,110069,11,Final Grades,2019,C400-MADONNA-M3/H3,C400,I,1.0,0.0,0,0,1
548,110069,11,Final Grades,2019,D430-HANZLICK-BURTON-T3/F3,D430,I,1.0,0.0,0,0,1
549,110069,11,Final Grades,2019,E400-ARIAS-M2/H2,E400,I,1.0,0.0,0,0,1
550,110069,11,Final Grades,2019,I1046-VINSON-T4/F4,I1046,NO GRADE,1.0,1.0,0,0,1
551,110069,11,Final Grades,2019,S1_GB_I1072-BABA-M3/H3,I1072,P,1.0,1.0,0,0,1
552,110069,11,Final Grades,2019,7776,I199,NO GRADE,1.0,1.0,0,0,1
553,110139,11,Final Grades,2019,A400-IRVAN-T4/F4,A400,I,1.0,0.0,0,0,1
554,110139,11,Final Grades,2019,B400-VISPERAS-M3/H3,B400,B,1.0,1.0,0,0,1
555,110139,11,Final Grades,2019,D430-HANZLICK-BURTON-T2/F2,D430,NO GRADE,1.0,1.0,0,0,1
556,110139,11,Final Grades,2019,I1064-LOPEZ-M2/H2,I1064,NO GRADE,1.0,1.0,0,0,1
557,110139,11,Final Grades,2019,7776,I199,NO GRADE,1.0,1.0,0,0,1
558,110139,11,Final Grades,2019,BtC-Temes-T5,S4100,A+,1.0,1.0,0,0,1
559,110031,11,Final Grades,2019,A400-IRVAN-T2/F2,A400,A-,1.0,1.0,0,0,1
560,110031,11,Final Grades,2019,B400-VISPERAS-M3/H3,B400,B,1.0,1.0,0,0,1
561,110031,11,Final Grades,2019,C400-MADONNA-M2/H2,C400,B,1.0,1.0,0,0,1
562,110031,11,Final Grades,2019,D430-HANZLICK-BURTON-T3/F3,D430,B,1.0,1.0,0,0,1
563,110031,11,Final Grades,2019,S1_GB_I1030-VINSON-M2/H2,I1030,P,1.0,1.0,0,0,1
564,110031,11,Final Grades,2019,I1064-LOPEZ-T4/F4,I1064,NO GRADE,1.0,1.0,0,0,1
565,110031,11,Final Grades,2019,7776,I199,NO GRADE,1.0,1.0,0,0,1
566,110086,11,Final Grades,2019,A400-IRVAN-T4/F4,A400,B-,1.0,1.0,0,0,1
567,110086,11,Final Grades,2019,B400-VISPERAS-T3/F3,B400,C+,1.0,1.0,0,0,1
568,110086,11,Final Grades,2019,C400-MADONNA-M3/H3,C400,C+,1.0,1.0,0,0,1
569,110086,11,Final Grades,2019,D430-HANZLICK-BURTON-T2/F2,D430,B,1.0,1.0,0,0,1
570,110086,11,Final Grades,2019,I1062-BABA-M4/H4,I1062,P,1.0,1.0,0,0,1
571,110086,11,Final Grades,2019,7776,I199,NO GRADE,1.0,1.0,0,0,1
572,110133,11,Final Grades,2019,A400-IRVAN-T3/F3,A400,A,1.0,1.0,0,0,1
573,110133,11,Final Grades,2019,B400-VISPERAS-M3/H3,B400,B+,1.0,1.0,0,0,1
574,110133,11,Final Grades,2019,C400-MADONNA-T4/F4,C400,I,1.0,0.0,0,0,1
575,110133,11,Final Grades,2019,D430-HANZLICK-BURTON-M2/H2,D430,I,1.0,0.0,0,0,1
576,110133,11,Final Grades,2019,S1_GB_I1021-VINSON-M3/H3,I1021,P,1.0,1.0,0,0,1
577,110133,11,Final Grades,2019,I1026-LOPEZ-T2/F2,I1026,NO GRADE,1.0,1.0,0,0,1
578,110133,11,Final Grades,2019,7776,I199,NO GRADE,1.0,1.0,0,0,1
579,110133,11,Final Grades,2019,BtC-Gomez-M5,S4100,I,1.0,0.0,0,0,1
580,110115,11,Final Grades,2019,A400-IRVAN-T3/F3,A400,A-,1.0,1.0,0,0,1
581,110115,11,Final Grades,2019,B400-VISPERAS-M4/H4,B400,B-,1.0,1.0,0,0,1
582,110115,11,Final Grades,2019,C400-MADONNA-M3/H3,C400,I,1.0,0.0,0,0,1
583,110115,11,Final Grades,2019,D430-HANZLICK-BURTON-M2/H2,D430,C+,1.0,1.0,0,0,1
584,110115,11,Final Grades,2019,G104-MENDEZ-T4/F4,G104,I,1.0,0.0,0,0,1
585,110115,11,Final Grades,2019,I1031-BABA-T2/F2,I1031,NO GRADE,1.0,1.0,0,0,1
586,110115,11,Final Grades,2019,7776,I199,NO GRADE,1.0,1.0,0,0,1
587,110021,11,Final Grades,2019,A400-IRVAN-T4/F4,A400,B,1.0,1.0,0,0,1
588,110021,11,Final Grades,2019,B400-VISPERAS-T3/F3,B400,I,1.0,0.0,0,0,1
589,110021,11,Final Grades,2019,C400-MADONNA-M2/H2,C400,I,1.0,0.0,0,0,1
590,110021,11,Final Grades,2019,D430-HANZLICK-BURTON-T2/F2,D430,I,1.0,0.0,0,0,1
591,110021,11,Final Grades,2019,E200-ARIAS-M4/H4,E200,I,1.0,0.0,0,0,1
592,110021,11,Final Grades,2019,S1_GB_I1026-LOPEZ-M2/H2,I1026,P,1.0,1.0,0,0,1
593,110021,11,Final Grades,2019,I1044-MENDEZ-M3/H3,I1044,NO GRADE,1.0,1.0,0,0,1
594,110021,11,Final Grades,2019,7776,I199,NO GRADE,1.0,1.0,0,0,1
595,110021,11,Final Grades,2019,BtC-Gomez-M5,S4100,I,1.0,0.0,0,0,1
596,110048,11,Final Grades,2019,A400-IRVAN-T4/F4,A400,A+,1.0,1.0,0,0,1
597,110048,11,Final Grades,2019,B400-VISPERAS-M4/H4,B400,B,1.0,1.0,0,0,1
598,110048,11,Final Grades,2019,C400-MADONNA-T2/F2,C400,A,1.0,1.0,0,0,1
599,110048,11,Final Grades,2019,D430-HANZLICK-BURTON-T3/F3,D430,A-,1.0,1.0,0,0,1
600,110048,11,Final Grades,2019,I1022-VINSON-M3/H3,I1022,NO GRADE,1.0,1.0,0,0,1
601,110048,11,Final Grades,2019,I1064-LOPEZ-M2/H2,I1064,NO GRADE,1.0,1.0,0,0,1
602,110048,11,Final Grades,2019,S1_GB_I1072-BABA-M3/H3,I1072,P,1.0,1.0,0,0,1
603,110048,11,Final Grades,2019,7776,I199,NO GRADE,1.0,1.0,0,0,1
604,110534,11,Final Grades,2019,7822,B300,I,1.0,0.0,0,0,1
605,110534,11,Final Grades,2019,B400-VISPERAS-M3/H3,B400,C,1.0,1.0,0,0,1
606,110534,11,Final Grades,2019,C320-TEMES-M2/H2,C320,B,1.0,1.0,0,0,1
607,110534,11,Final Grades,2019,D300-BAKKE-T3/F3,D300,B+,1.0,1.0,0,0,1
608,110534,11,Final Grades,2019,D430-HANZLICK-BURTON-T2/F2,D430,I,1.0,0.0,0,0,1
609,110534,11,Final Grades,2019,S1_GB_I1030-VINSON-M2/H2,I1030,P,1.0,1.0,0,0,1
610,110534,11,Final Grades,2019,I1044-MENDEZ-M4/H4,I1044,NO GRADE,1.0,1.0,0,0,1
611,110534,11,Final Grades,2019,I1064-LOPEZ-T4/F4,I1064,NO GRADE,1.0,1.0,0,0,1
612,110534,11,Final Grades,2019,BtC-Gomez-M5,S4100,A+,1.0,1.0,0,0,1
613,110014,11,Final Grades,2019,7776,I199,NP,1.0,0.0,0,0,1
614,110126,11,Final Grades,2019,A400-IRVAN-T2/F2,A400,A+,1.0,1.0,0,0,1
615,110126,11,Final Grades,2019,B400-VISPERAS-M4/H4,B400,B,1.0,1.0,0,0,1
616,110126,11,Final Grades,2019,C400-MADONNA-T4/F4,C400,C+,1.0,1.0,0,0,1
617,110126,11,Final Grades,2019,D430-HANZLICK-BURTON-T3/F3,D430,B-,1.0,1.0,0,0,1
618,110126,11,Final Grades,2019,S1_GB_I1030-VINSON-M2/H2,I1030,P,1.0,1.0,0,0,1
619,110126,11,Final Grades,2019,I1064-LOPEZ-M2/H2,I1064,NO GRADE,1.0,1.0,0,0,1
620,110126,11,Final Grades,2019,7776,I199,NO GRADE,1.0,1.0,0,0,1
621,110015,11,Final Grades,2019,A400-IRVAN-T4/F4,A400,A+,1.0,1.0,0,0,1
622,110015,11,Final Grades,2019,B400-VISPERAS-M3/H3,B400,A-,1.0,1.0,0,0,1
623,110015,11,Final Grades,2019,C400-MADONNA-T2/F2,C400,B,1.0,1.0,0,0,1
624,110015,11,Final Grades,2019,D430-HANZLICK-BURTON-M4/H4,D430,A,1.0,1.0,0,0,1
625,110015,11,Final Grades,2019,I1046-VINSON-M2/H2,I1046,,1.0,1.0,0,0,1
626,110015,11,Final Grades,2019,S1_GB_I1047-LOPEZ-M2/H2,I1047,NO GRADE,1.0,1.0,0,0,1
627,110015,11,Final Grades,2019,7776,I199,NO GRADE,1.0,1.0,0,0,1
628,110052,11,Final Grades,2019,A400-IRVAN-T2/F2,A400,A,1.0,1.0,0,0,1
629,110052,11,Final Grades,2019,B400-VISPERAS-T4/F4,B400,A,1.0,1.0,0,0,1
630,110052,11,Final Grades,2019,C400-MADONNA-M3/H3,C400,C,1.0,1.0,0,0,1
631,110052,11,Final Grades,2019,D430-HANZLICK-BURTON-T3/F3,D430,A-,1.0,1.0,0,0,1
632,110052,11,Final Grades,2019,I1064-LOPEZ-M2/H2,I1064,NO GRADE,1.0,1.0,0,0,1
633,110052,11,Final Grades,2019,S1_GB_I1072-BABA-M3/H3,I1072,P,1.0,1.0,0,0,1
634,110052,11,Final Grades,2019,7776,I199,NO GRADE,1.0,1.0,0,0,1
635,110135,11,Final Grades,2019,A400-IRVAN-M3/H3,A400,C,1.0,1.0,0,0,1
636,110135,11,Final Grades,2019,B400-VISPERAS-T4/F4,B400,I,1.0,0.0,0,0,1
637,110135,11,Final Grades,2019,D430-HANZLICK-BURTON-M4/H4,D430,I,1.0,0.0,0,0,1
638,110135,11,Final Grades,2019,S1_GB_I1026-LOPEZ-M2/H2,I1026,P,1.0,1.0,0,0,1
639,110135,11,Final Grades,2019,I1031-BABA-T3/F3,I1031,NO GRADE,1.0,1.0,0,0,1
640,110135,11,Final Grades,2019,7776,I199,NO GRADE,1.0,1.0,0,0,1
641,110135,11,Final Grades,2019,BtC-Gomez-M5,S4100,A-,1.0,1.0,0,0,1
642,110526,11,Final Grades,2019,A400-IRVAN-T4/F4,A400,A,1.0,1.0,0,0,1
643,110526,11,Final Grades,2019,B400-VISPERAS-T3/F3,B400,B-,1.0,1.0,0,0,1
644,110526,11,Final Grades,2019,C320-TEMES-M2/H2,C320,B,1.0,1.0,0,0,1
645,110526,11,Final Grades,2019,D430-HANZLICK-BURTON-M4/H4,D430,B+,1.0,1.0,0,0,1
646,110526,11,Final Grades,2019,E200-ARIAS-T2/F2,E200,I,1.0,0.0,0,0,1
647,110526,11,Final Grades,2019,I1044-MENDEZ-M3/H3,I1044,NO GRADE,1.0,1.0,0,0,1
648,110526,11,Final Grades,2019,S1_GB_I1047-LOPEZ-M2/H2,I1047,NO GRADE,1.0,1.0,0,0,1
649,110526,11,Final Grades,2019,BtC-Gomez-M5,S4100,A,1.0,1.0,0,0,1
650,110054,11,Final Grades,2019,A400-IRVAN-M3/H3,A400,A+,1.0,1.0,0,0,1
651,110054,11,Final Grades,2019,B400-VISPERAS-M4/H4,B400,A,1.0,1.0,0,0,1
652,110054,11,Final Grades,2019,C400-MADONNA-T2/F2,C400,A,1.0,1.0,0,0,1
653,110054,11,Final Grades,2019,D430-HANZLICK-BURTON-T3/F3,D430,A+,1.0,1.0,0,0,1
654,110054,11,Final Grades,2019,E400-ARIAS-M2/H2,E400,A-,1.0,1.0,0,0,1
655,110054,11,Final Grades,2019,G104-MENDEZ-T4/F4,G104,A,1.0,1.0,0,0,1
656,110054,11,Final Grades,2019,7776,I199,NO GRADE,1.0,1.0,0,0,1
657,110028,11,Final Grades,2019,A400-IRVAN-M3/H3,A400,I,1.0,0.0,0,0,1
658,110028,11,Final Grades,2019,B400-VISPERAS-M4/H4,B400,B,1.0,1.0,0,0,1
659,110028,11,Final Grades,2019,C400-MADONNA-T2/F2,C400,I,1.0,0.0,0,0,1
660,110028,11,Final Grades,2019,D430-HANZLICK-BURTON-T3/F3,D430,A-,1.0,1.0,0,0,1
661,110028,11,Final Grades,2019,G104-MENDEZ-T4/F4,G104,I,1.0,0.0,0,0,1
662,110028,11,Final Grades,2019,I1064-LOPEZ-M2/H2,I1064,NO GRADE,1.0,1.0,0,0,1
663,110028,11,Final Grades,2019,7776,I199,NO GRADE,1.0,1.0,0,0,1
664,110017,11,Final Grades,2019,A400-IRVAN-T3/F3,A400,A+,1.0,1.0,0,0,1
665,110017,11,Final Grades,2019,B400-VISPERAS-T4/F4,B400,B,1.0,1.0,0,0,1
666,110017,11,Final Grades,2019,C400-MADONNA-M3/H3,C400,A-,1.0,1.0,0,0,1
667,110017,11,Final Grades,2019,D430-HANZLICK-BURTON-M4/H4,D430,A-,1.0,1.0,0,0,1
668,110017,11,Final Grades,2019,I1031-BABA-T2/F2,I1031,NO GRADE,1.0,1.0,0,0,1
669,110017,11,Final Grades,2019,7776,I199,NO GRADE,1.0,1.0,0,0,1
670,110004,11,Final Grades,2019,A400-IRVAN-M3/H3,A400,A+,1.0,1.0,0,0,1
671,110004,11,Final Grades,2019,B400-VISPERAS-M4/H4,B400,B,1.0,1.0,0,0,1
672,110004,11,Final Grades,2019,C400-MADONNA-T2/F2,C400,B,1.0,1.0,0,0,1
673,110004,11,Final Grades,2019,D430-HANZLICK-BURTON-M2/H2,D430,B,1.0,1.0,0,0,1
674,110004,11,Final Grades,2019,G104-MENDEZ-T4/F4,G104,I,1.0,0.0,0,0,1
675,110004,11,Final Grades,2019,7776,I199,NO GRADE,1.0,1.0,0,0,1
676,110004,11,Final Grades,2019,BtC-Temes-T5,S4100,A,1.0,1.0,0,0,1
677,110007,11,Final Grades,2019,A400-IRVAN-T2/F2,A400,B-,1.0,1.0,0,0,1
678,110007,11,Final Grades,2019,B400-VISPERAS-T3/F3,B400,C,1.0,1.0,0,0,1
679,110007,11,Final Grades,2019,D430-HANZLICK-BURTON-M4/H4,D430,I,1.0,0.0,0,0,1
680,110007,11,Final Grades,2019,S1_GB_I1047-LOPEZ-M2/H2,I1047,NO GRADE,1.0,1.0,0,0,1
681,110007,11,Final Grades,2019,I1071-MENDEZ-M2/H2,I1071,NO GRADE,1.0,1.0,0,0,1
682,110007,11,Final Grades,2019,7776,I199,NO GRADE,1.0,1.0,0,0,1
683,110007,11,Final Grades,2019,BtC-Gomez-M5,S4100,I,1.0,0.0,0,0,1
684,110089,11,Final Grades,2019,7776,I199,NP,1.0,0.0,0,0,1
685,110040,11,Final Grades,2019,BtC-Temes-T5,S4100,A+,1.0,1.0,0,0,1
686,110051,11,Final Grades,2019,A400-IRVAN-T4/F4,A400,A+,1.0,1.0,0,0,1
687,110051,11,Final Grades,2019,B400-VISPERAS-T3/F3,B400,A-,1.0,1.0,0,0,1
688,110051,11,Final Grades,2019,C400-MADONNA-M3/H3,C400,C,1.0,1.0,0,0,1
689,110051,11,Final Grades,2019,D430-HANZLICK-BURTON-M4/H4,D430,A-,1.0,1.0,0,0,1
690,110051,11,Final Grades,2019,E300-MCGRATH-T2/F2,E300,A-,1.0,1.0,0,0,1
691,110051,11,Final Grades,2019,S1_GB_I1030-VINSON-M2/H2,I1030,P,1.0,1.0,0,0,1
692,110051,11,Final Grades,2019,I1064-LOPEZ-M2/H2,I1064,NO GRADE,1.0,1.0,0,0,1
693,110051,11,Final Grades,2019,7776,I199,NO GRADE,1.0,1.0,0,0,1
694,110076,11,Final Grades,2019,A400-IRVAN-M3/H3,A400,A-,1.0,1.0,0,0,1
695,110076,11,Final Grades,2019,B400-VISPERAS-M4/H4,B400,B,1.0,1.0,0,0,1
696,110076,11,Final Grades,2019,C400-MADONNA-T4/F4,C400,B,1.0,1.0,0,0,1
697,110076,11,Final Grades,2019,D430-HANZLICK-BURTON-T3/F3,D430,C,1.0,1.0,0,0,1
698,110076,11,Final Grades,2019,S1_GB_I1026-LOPEZ-M2/H2,I1026,P,1.0,1.0,0,0,1
699,110076,11,Final Grades,2019,I1046-VINSON-M2/H2,I1046,,1.0,1.0,0,0,1
700,110076,11,Final Grades,2019,7776,I199,NO GRADE,1.0,1.0,0,0,1
701,110076,11,Final Grades,2019,BtC-Gomez-M5,S4100,A+,1.0,1.0,0,0,1
702,110011,11,Final Grades,2019,A400-IRVAN-T3/F3,A400,B-,1.0,1.0,0,0,1
703,110011,11,Final Grades,2019,B400-VISPERAS-T4/F4,B400,B,1.0,1.0,0,0,1
704,110011,11,Final Grades,2019,C400-MADONNA-M3/H3,C400,C-,1.0,1.0,0,0,1
705,110011,11,Final Grades,2019,D430-HANZLICK-BURTON-T2/F2,D430,B,1.0,1.0,0,0,1
706,110011,11,Final Grades,2019,S1_GB_I1021-VINSON-M3/H3,I1021,P,1.0,1.0,0,0,1
707,110011,11,Final Grades,2019,I1064-LOPEZ-M2/H2,I1064,NO GRADE,1.0,1.0,0,0,1
708,110011,11,Final Grades,2019,7776,I199,NO GRADE,1.0,1.0,0,0,1
709,110011,11,Final Grades,2019,BtC-Temes-T5,S4100,A,1.0,1.0,0,0,1
710,110005,11,Final Grades,2019,A400-IRVAN-M3/H3,A400,A+,1.0,1.0,0,0,1
711,110005,11,Final Grades,2019,B400-VISPERAS-M4/H4,B400,A,1.0,1.0,0,0,1
712,110005,11,Final Grades,2019,C400-MADONNA-M2/H2,C400,A-,1.0,1.0,0,0,1
713,110005,11,Final Grades,2019,D430-HANZLICK-BURTON-T3/F3,D430,B+,1.0,1.0,0,0,1
714,110005,11,Final Grades,2019,G104-MENDEZ-T4/F4,G104,A+,1.0,1.0,0,0,1
715,110005,11,Final Grades,2019,I1031-BABA-T2/F2,I1031,NO GRADE,1.0,1.0,0,0,1
716,110005,11,Final Grades,2019,7776,I199,NO GRADE,1.0,1.0,0,0,1
717,110236,11,Final Grades,2019,A400-IRVAN-T3/F3,A400,I,1.0,0.0,0,0,1
718,110236,11,Final Grades,2019,B400-VISPERAS-T4/F4,B400,I,1.0,0.0,0,0,1
719,110236,11,Final Grades,2019,C400-MADONNA-M2/H2,C400,A-,1.0,1.0,0,0,1
720,110236,11,Final Grades,2019,D430-HANZLICK-BURTON-T2/F2,D430,I,1.0,0.0,0,0,1
721,110236,11,Final Grades,2019,E200-ARIAS-M4/H4,E200,I,1.0,0.0,0,0,1
722,110236,11,Final Grades,2019,I1044-MENDEZ-M3/H3,I1044,NO GRADE,1.0,1.0,0,0,1
723,110236,11,Final Grades,2019,S1_GB_I1047-LOPEZ-M2/H2,I1047,NO GRADE,1.0,1.0,0,0,1
724,110236,11,Final Grades,2019,7776,I199,NP,1.0,0.0,0,0,1
725,110182,11,Final Grades,2019,A400-IRVAN-T4/F4,A400,A-,1.0,1.0,0,0,1
726,110182,11,Final Grades,2019,B400-VISPERAS-M3/H3,B400,B-,1.0,1.0,0,0,1
727,110182,11,Final Grades,2019,C400-MADONNA-M2/H2,C400,A-,1.0,1.0,0,0,1
728,110182,11,Final Grades,2019,D430-HANZLICK-BURTON-M4/H4,D430,A-,1.0,1.0,0,0,1
729,110182,11,Final Grades,2019,I1026-LOPEZ-T2/F2,I1026,NO GRADE,1.0,1.0,0,0,1
730,110182,11,Final Grades,2019,S1_GB_I1071-MENDEZ-M3/H3,I1071,P,1.0,1.0,0,0,1
731,110319,11,Final Grades,2019,A400-IRVAN-T2/F2,A400,A+,1.0,1.0,0,0,1
732,110319,11,Final Grades,2019,B400-VISPERAS-T4/F4,B400,B+,1.0,1.0,0,0,1
733,110319,11,Final Grades,2019,C400-MADONNA-M2/H2,C400,A,1.0,1.0,0,0,1
734,110319,11,Final Grades,2019,D430-HANZLICK-BURTON-M4/H4,D430,A,1.0,1.0,0,0,1
735,110319,11,Final Grades,2019,I1022-VINSON-T3/F3,I1022,NO GRADE,1.0,1.0,0,0,1
736,110319,11,Final Grades,2019,S1_GB_I1072-BABA-M3/H3,I1072,P,1.0,1.0,0,0,1
737,110064,11,Final Grades,2019,A400-IRVAN-M3/H3,A400,A+,1.0,1.0,0,0,1
738,110064,11,Final Grades,2019,B400-VISPERAS-T3/F3,B400,A,1.0,1.0,0,0,1
739,110064,11,Final Grades,2019,C400-MADONNA-T2/F2,C400,A-,1.0,1.0,0,0,1
740,110064,11,Final Grades,2019,D430-HANZLICK-BURTON-M2/H2,D430,A,1.0,1.0,0,0,1
741,110064,11,Final Grades,2019,G104-MENDEZ-T4/F4,G104,A+,1.0,1.0,0,0,1
742,110064,11,Final Grades,2019,I1062-BABA-M4/H4,I1062,P,1.0,1.0,0,0,1
743,110064,11,Final Grades,2019,7776,I199,NO GRADE,1.0,1.0,0,0,1
744,110116,11,Final Grades,2019,A400-IRVAN-T2/F2,A400,A+,1.0,1.0,0,0,1
745,110116,11,Final Grades,2019,B400-VISPERAS-T3/F3,B400,A+,1.0,1.0,0,0,1
746,110116,11,Final Grades,2019,C400-MADONNA-T4/F4,C400,C+,1.0,1.0,0,0,1
747,110116,11,Final Grades,2019,D430-HANZLICK-BURTON-M2/H2,D430,A+,1.0,1.0,0,0,1
748,110116,11,Final Grades,2019,I1062-BABA-M4/H4,I1062,P,1.0,1.0,0,0,1
749,110116,11,Final Grades,2019,7776,I199,NO GRADE,1.0,1.0,0,0,1
750,110167,11,Final Grades,2019,A400-IRVAN-T3/F3,A400,C-,1.0,1.0,0,0,1
751,110167,11,Final Grades,2019,7823,B100,NO GRADE,1.0,1.0,0,0,1
752,110167,11,Final Grades,2019,B400-VISPERAS-T4/F4,B400,I,1.0,0.0,0,0,1
753,110167,11,Final Grades,2019,D430-HANZLICK-BURTON-M2/H2,D430,I,1.0,0.0,0,0,1
754,110167,11,Final Grades,2019,S1_GB_I1030-VINSON-M2/H2,I1030,P,1.0,1.0,0,0,1
755,110167,11,Final Grades,2019,I1038-BABA-M3/H3,I1038,NO GRADE,1.0,1.0,0,0,1
756,110167,11,Final Grades,2019,BtC-Temes-T5,S4100,B-,1.0,1.0,0,0,1
757,110269,11,Final Grades,2019,A400-IRVAN-T4/F4,A400,A+,1.0,1.0,0,0,1
758,110269,11,Final Grades,2019,B400-VISPERAS-T3/F3,B400,A,1.0,1.0,0,0,1
759,110269,11,Final Grades,2019,C400-MADONNA-T2/F2,C400,B+,1.0,1.0,0,0,1
760,110269,11,Final Grades,2019,D430-HANZLICK-BURTON-M2/H2,D430,A+,1.0,1.0,0,0,1
761,110269,11,Final Grades,2019,I1022-VINSON-M3/H3,I1022,NO GRADE,1.0,1.0,0,0,1
762,110269,11,Final Grades,2019,S1_GB_I1072-BABA-M3/H3,I1072,P,1.0,1.0,0,0,1
763,110242,11,Final Grades,2019,A400-IRVAN-T4/F4,A400,I,1.0,0.0,0,0,1
764,110242,11,Final Grades,2019,B400-VISPERAS-T3/F3,B400,I,1.0,0.0,0,0,1
765,110242,11,Final Grades,2019,C400-MADONNA-M3/H3,C400,I,1.0,0.0,0,0,1
766,110242,11,Final Grades,2019,D430-HANZLICK-BURTON-M2/H2,D430,C-,1.0,1.0,0,0,1
767,110242,11,Final Grades,2019,E200-ARIAS-M4/H4,E200,I,1.0,0.0,0,0,1
768,110242,11,Final Grades,2019,S1_GB_I1026-LOPEZ-M2/H2,I1026,NO GRADE,1.0,1.0,0,0,1
769,110242,11,Final Grades,2019,7776,I199,NO GRADE,1.0,1.0,0,0,1
770,110242,11,Final Grades,2019,BtC-Gomez-M5,S4100,A-,1.0,1.0,0,0,1
771,110262,11,Final Grades,2019,A400-IRVAN-M3/H3,A400,I,1.0,0.0,0,0,1
772,110262,11,Final Grades,2019,B400-VISPERAS-T4/F4,B400,I,1.0,0.0,0,0,1
773,110262,11,Final Grades,2019,C400-MADONNA-M2/H2,C400,I,1.0,0.0,0,0,1
774,110262,11,Final Grades,2019,D430-HANZLICK-BURTON-T2/F2,D430,I,1.0,0.0,0,0,1
775,110262,11,Final Grades,2019,S1_GB_I1030-VINSON-M2/H2,I1030,NP,1.0,0.0,0,0,1
776,110262,11,Final Grades,2019,I1031-BABA-T3/F3,I1031,NO GRADE,1.0,1.0,0,0,1
777,110038,11,Final Grades,2019,BtC-Temes-T5,S4100,A+,1.0,1.0,0,0,1
778,110364,11,Final Grades,2019,A400-IRVAN-T4/F4,A400,A,1.0,1.0,0,0,1
779,110364,11,Final Grades,2019,B400-VISPERAS-M3/H3,B400,A-,1.0,1.0,0,0,1
780,110364,11,Final Grades,2019,C400-MADONNA-M2/H2,C400,B,1.0,1.0,0,0,1
781,110364,11,Final Grades,2019,D430-HANZLICK-BURTON-T3/F3,D430,B-,1.0,1.0,0,0,1
782,110364,11,Final Grades,2019,I1062-BABA-M4/H4,I1062,P,1.0,1.0,0,0,1
783,110002,11,Final Grades,2019,A400-IRVAN-M3/H3,A400,A+,1.0,1.0,0,0,1
784,110002,11,Final Grades,2019,B400-VISPERAS-M4/H4,B400,A+,1.0,1.0,0,0,1
785,110002,11,Final Grades,2019,C400-MADONNA-M2/H2,C400,A,1.0,1.0,0,0,1
786,110002,11,Final Grades,2019,D430-HANZLICK-BURTON-T2/F2,D430,A+,1.0,1.0,0,0,1
787,110002,11,Final Grades,2019,G104-MENDEZ-T4/F4,G104,A+,1.0,1.0,0,0,1
788,110002,11,Final Grades,2019,7776,I199,NO GRADE,1.0,1.0,0,0,1
789,110138,11,Final Grades,2019,A400-IRVAN-T3/F3,A400,A+,1.0,1.0,0,0,1
790,110138,11,Final Grades,2019,B400-VISPERAS-M4/H4,B400,A-,1.0,1.0,0,0,1
791,110138,11,Final Grades,2019,C400-MADONNA-T2/F2,C400,B,1.0,1.0,0,0,1
792,110138,11,Final Grades,2019,D430-HANZLICK-BURTON-M2/H2,D430,B-,1.0,1.0,0,0,1
793,110138,11,Final Grades,2019,S1_GB_I1031-BABA-M3/H3,I1031,P,1.0,1.0,0,0,1
794,110138,11,Final Grades,2019,I1064-LOPEZ-T4/F4,I1064,NO GRADE,1.0,1.0,0,0,1
795,110138,11,Final Grades,2019,7776,I199,NO GRADE,1.0,1.0,0,0,1
796,110095,11,Final Grades,2019,A400-IRVAN-T4/F4,A400,A+,1.0,1.0,0,0,1
797,110095,11,Final Grades,2019,B400-VISPERAS-T3/F3,B400,A-,1.0,1.0,0,0,1
798,110095,11,Final Grades,2019,C400-MADONNA-T2/F2,C400,C,1.0,1.0,0,0,1
799,110095,11,Final Grades,2019,D430-HANZLICK-BURTON-M4/H4,D430,B,1.0,1.0,0,0,1
800,110095,11,Final Grades,2019,S1_GB_I1026-LOPEZ-M2/H2,I1026,P,1.0,1.0,0,0,1
801,110095,11,Final Grades,2019,I1071-MENDEZ-M2/H2,I1071,NO GRADE,1.0,1.0,0,0,1
802,110095,11,Final Grades,2019,7776,I199,NO GRADE,1.0,1.0,0,0,1
803,110095,11,Final Grades,2019,BtC-Gomez-M5,S4100,A,1.0,1.0,0,0,1
804,110111,11,Final Grades,2019,A400-IRVAN-T2/F2,A400,A,1.0,1.0,0,0,1
805,110111,11,Final Grades,2019,B400-VISPERAS-T4/F4,B400,A-,1.0,1.0,0,0,1
806,110111,11,Final Grades,2019,C400-MADONNA-M3/H3,C400,B,1.0,1.0,0,0,1
807,110111,11,Final Grades,2019,D430-HANZLICK-BURTON-M4/H4,D430,B-,1.0,1.0,0,0,1
808,110111,11,Final Grades,2019,I1046-VINSON-M2/H2,I1046,NO GRADE,1.0,1.0,0,0,1
809,110111,11,Final Grades,2019,S1_GB_I1072-BABA-M3/H3,I1072,P,1.0,1.0,0,0,1
810,110111,11,Final Grades,2019,7776,I199,NO GRADE,1.0,1.0,0,0,1
811,110111,11,Final Grades,2019,BtC-Gomez-M5,S4100,A-,1.0,1.0,0,0,1
812,110545,11,Final Grades,2019,A400-IRVAN-T3/F3,A400,A,1.0,1.0,0,0,1
813,110545,11,Final Grades,2019,B400-VISPERAS-T4/F4,B400,A,1.0,1.0,0,0,1
814,110545,11,Final Grades,2019,C320-TEMES-M3/H3,C320,B+,1.0,1.0,0,0,1
815,110545,11,Final Grades,2019,D430-HANZLICK-BURTON-M4/H4,D430,A-,1.0,1.0,0,0,1
816,110545,11,Final Grades,2019,E200-ARIAS-T2/F2,E200,B,1.0,1.0,0,0,1
817,110545,11,Final Grades,2019,S1_GB_I1047-LOPEZ-M2/H2,I1047,NO GRADE,1.0,1.0,0,0,1
818,110545,11,Final Grades,2019,I1064-LOPEZ-M2/H2,I1064,NO GRADE,1.0,1.0,0,0,1
819,110106,11,Final Grades,2019,C320-TEMES-T4/F4,C320,I,1.0,0.0,0,0,1
820,110106,11,Final Grades,2019,7776,I199,NO GRADE,1.0,1.0,0,0,1
821,110106,11,Final Grades,2019,BtC-Temes-T5,S4100,I,1.0,0.0,0,0,1
822,110046,11,Final Grades,2019,A400-IRVAN-T3/F3,A400,I,1.0,0.0,0,0,1
823,110046,11,Final Grades,2019,B400-VISPERAS-M3/H3,B400,I,1.0,0.0,0,0,1
824,110046,11,Final Grades,2019,C400-MADONNA-T2/F2,C400,I,1.0,0.0,0,0,1
825,110046,11,Final Grades,2019,D430-HANZLICK-BURTON-M2/H2,D430,I,1.0,0.0,0,0,1
826,110046,11,Final Grades,2019,G104-MENDEZ-T4/F4,G104,I,1.0,0.0,0,0,1
827,110046,11,Final Grades,2019,I1026-LOPEZ-M4/H4,I1026,NO GRADE,1.0,1.0,0,0,1
828,110046,11,Final Grades,2019,7776,I199,NO GRADE,1.0,1.0,0,0,1
829,110046,11,Final Grades,2019,BtC-Gomez-M5,S4100,I,1.0,0.0,0,0,1
830,110047,11,Final Grades,2019,A400-IRVAN-T2/F2,A400,B+,1.0,1.0,0,0,1
831,110047,11,Final Grades,2019,B400-VISPERAS-M3/H3,B400,B+,1.0,1.0,0,0,1
832,110047,11,Final Grades,2019,C400-MADONNA-T4/F4,C400,A-,1.0,1.0,0,0,1
833,110047,11,Final Grades,2019,D430-HANZLICK-BURTON-M4/H4,D430,B,1.0,1.0,0,0,1
834,110047,11,Final Grades,2019,S1_GB_I1031-BABA-M3/H3,I1031,P,1.0,1.0,0,0,1
835,110047,11,Final Grades,2019,I1046-VINSON-M2/H2,I1046,NO GRADE,1.0,1.0,0,0,1
836,110047,11,Final Grades,2019,7776,I199,NO GRADE,1.0,1.0,0,0,1
837,110022,11,Final Grades,2019,A400-IRVAN-T2/F2,A400,I,1.0,0.0,0,0,1
838,110022,11,Final Grades,2019,B400-VISPERAS-M4/H4,B400,I,1.0,0.0,0,0,1
839,110022,11,Final Grades,2019,C400-MADONNA-T4/F4,C400,I,1.0,0.0,0,0,1
840,110022,11,Final Grades,2019,D430-HANZLICK-BURTON-M2/H2,D430,I,1.0,0.0,0,0,1
841,110022,11,Final Grades,2019,S1_GB_I1031-BABA-M3/H3,I1031,NP,1.0,0.0,0,0,1
842,110022,11,Final Grades,2019,7776,I199,NO GRADE,1.0,1.0,0,0,1
843,110083,11,Final Grades,2019,B300-EDENS-T3/F3,B300,I,1.0,0.0,0,0,1
844,110083,11,Final Grades,2019,D430-HANZLICK-BURTON-T2/F2,D430,I,1.0,0.0,0,0,1
845,110083,11,Final Grades,2019,E200-ARIAS-M4/H4,E200,I,1.0,0.0,0,0,1
846,110083,11,Final Grades,2019,I1044-MENDEZ-M3/H3,I1044,NO GRADE,1.0,1.0,0,0,1
847,110083,11,Final Grades,2019,7776,I199,NP,1.0,0.0,0,0,1
848,110083,11,Final Grades,2019,BtC-Temes-T5,S4100,I,1.0,0.0,0,0,1
849,110123,11,Final Grades,2019,A400-IRVAN-T2/F2,A400,A+,1.0,1.0,0,0,1
850,110123,11,Final Grades,2019,B400-VISPERAS-T4/F4,B400,A,1.0,1.0,0,0,1
851,110123,11,Final Grades,2019,C400-MADONNA-M2/H2,C400,A,1.0,1.0,0,0,1
852,110123,11,Final Grades,2019,D430-HANZLICK-BURTON-T3/F3,D430,A,1.0,1.0,0,0,1
853,110123,11,Final Grades,2019,I1026-LOPEZ-M4/H4,I1026,NO GRADE,1.0,1.0,0,0,1
854,110123,11,Final Grades,2019,S1_GB_I1030-VINSON-M2/H2,I1030,P,1.0,1.0,0,0,1
855,110123,11,Final Grades,2019,I1038-BABA-M3/H3,I1038,NO GRADE,1.0,1.0,0,0,1
856,110123,11,Final Grades,2019,7776,I199,NO GRADE,1.0,1.0,0,0,1
857,110033,11,Final Grades,2019,A400-IRVAN-T3/F3,A400,C,1.0,1.0,0,0,1
858,110033,11,Final Grades,2019,B400-VISPERAS-M3/H3,B400,C,1.0,1.0,0,0,1
859,110033,11,Final Grades,2019,C400-MADONNA-T4/F4,C400,I,1.0,0.0,0,0,1
860,110033,11,Final Grades,2019,D430-HANZLICK-BURTON-M2/H2,D430,C,1.0,1.0,0,0,1
861,110033,11,Final Grades,2019,E200-ARIAS-T2/F2,E200,C,1.0,1.0,0,0,1
862,110033,11,Final Grades,2019,I1026-LOPEZ-M4/H4,I1026,NO GRADE,1.0,1.0,0,0,1
863,110033,11,Final Grades,2019,S1_GB_I1071-MENDEZ-M3/H3,I1071,P,1.0,1.0,0,0,1
864,110033,11,Final Grades,2019,7776,I199,NO GRADE,1.0,1.0,0,0,1
865,120251,11,Final Grades,2019,A200-HESS-M4/H4,A200,NO GRADE,1.0,1.0,0,0,1
866,120251,11,Final Grades,2019,A400-IRVAN-T4/F4,A400,A+,1.0,1.0,0,0,1
867,120251,11,Final Grades,2019,7823,B100,NO GRADE,1.0,1.0,0,0,1
868,120251,11,Final Grades,2019,B400-VISPERAS-M3/H3,B400,A,1.0,1.0,0,0,1
869,120251,11,Final Grades,2019,C400-MADONNA-M2/H2,C400,B+,1.0,1.0,0,0,1
870,120251,11,Final Grades,2019,D430-HANZLICK-BURTON-T2/F2,D430,B,1.0,1.0,0,0,1
871,120251,11,Final Grades,2019,I1022-VINSON-T3/F3,I1022,NO GRADE,1.0,1.0,0,0,1
872,110012,11,Final Grades,2019,A400-IRVAN-T3/F3,A400,A+,1.0,1.0,0,0,1
873,110012,11,Final Grades,2019,B400-VISPERAS-M4/H4,B400,A,1.0,1.0,0,0,1
874,110012,11,Final Grades,2019,C400-MADONNA-T4/F4,C400,A-,1.0,1.0,0,0,1
875,110012,11,Final Grades,2019,D430-HANZLICK-BURTON-M2/H2,D430,A,1.0,1.0,0,0,1
876,110012,11,Final Grades,2019,I1022-VINSON-M3/H3,I1022,NO GRADE,1.0,1.0,0,0,1
877,110012,11,Final Grades,2019,I1026-LOPEZ-T2/F2,I1026,NO GRADE,1.0,1.0,0,0,1
878,110012,11,Final Grades,2019,S1_GB_I1072-BABA-M3/H3,I1072,P,1.0,1.0,0,0,1
879,110012,11,Final Grades,2019,7776,I199,NO GRADE,1.0,1.0,0,0,1
880,110043,11,Final Grades,2019,A400-IRVAN-T3/F3,A400,I,1.0,0.0,0,0,1
881,110043,11,Final Grades,2019,B400-VISPERAS-M3/H3,B400,I,1.0,0.0,0,0,1
882,110043,11,Final Grades,2019,C400-MADONNA-T2/F2,C400,B-,1.0,1.0,0,0,1
883,110043,11,Final Grades,2019,D430-HANZLICK-BURTON-M4/H4,D430,I,1.0,0.0,0,0,1
884,110043,11,Final Grades,2019,E400-ARIAS-M2/H2,E400,B-,1.0,1.0,0,0,1
885,110043,11,Final Grades,2019,G104-MENDEZ-T4/F4,G104,I,1.0,0.0,0,0,1
886,110043,11,Final Grades,2019,7776,I199,NP,1.0,0.0,0,0,1
887,110168,11,Final Grades,2019,A400-IRVAN-T3/F3,A400,A+,1.0,1.0,0,0,1
888,110168,11,Final Grades,2019,B400-VISPERAS-M3/H3,B400,A-,1.0,1.0,0,0,1
889,110168,11,Final Grades,2019,C400-MADONNA-T4/F4,C400,I,1.0,0.0,0,0,1
890,110168,11,Final Grades,2019,D430-HANZLICK-BURTON-M4/H4,D430,B,1.0,1.0,0,0,1
891,110168,11,Final Grades,2019,S1_GB_I1021-VINSON-M3/H3,I1021,P,1.0,1.0,0,0,1
892,110168,11,Final Grades,2019,I1064-LOPEZ-M2/H2,I1064,NO GRADE,1.0,1.0,0,0,1
893,110430,11,Final Grades,2019,A400-IRVAN-T2/F2,A400,A+,1.0,1.0,0,0,1
894,110430,11,Final Grades,2019,B400-VISPERAS-M3/H3,B400,A-,1.0,1.0,0,0,1
895,110430,11,Final Grades,2019,C400-MADONNA-T4/F4,C400,A,1.0,1.0,0,0,1
896,110430,11,Final Grades,2019,D430-HANZLICK-BURTON-M2/H2,D430,A,1.0,1.0,0,0,1
897,110430,11,Final Grades,2019,I1022-VINSON-T3/F3,I1022,NO GRADE,1.0,1.0,0,0,1
898,110430,11,Final Grades,2019,S1_GB_I1072-BABA-M3/H3,I1072,P,1.0,1.0,0,0,1
899,110263,11,Final Grades,2019,A400-IRVAN-T2/F2,A400,A+,1.0,1.0,0,0,1
900,110263,11,Final Grades,2019,B400-VISPERAS-T4/F4,B400,A-,1.0,1.0,0,0,1
901,110263,11,Final Grades,2019,C400-MADONNA-M3/H3,C400,B+,1.0,1.0,0,0,1
902,110263,11,Final Grades,2019,D430-HANZLICK-BURTON-M4/H4,D430,A+,1.0,1.0,0,0,1
903,110263,11,Final Grades,2019,I1022-VINSON-T3/F3,I1022,NO GRADE,1.0,1.0,0,0,1
904,110263,11,Final Grades,2019,S1_GB_I1030-VINSON-M2/H2,I1030,P,1.0,1.0,0,0,1
905,110092,11,Final Grades,2019,B400-VISPERAS-T3/F3,B400,I,1.0,0.0,0,0,1
906,110092,11,Final Grades,2019,D430-HANZLICK-BURTON-T2/F2,D430,I,1.0,0.0,0,0,1
907,110092,11,Final Grades,2019,S1_GB_I1021-VINSON-M3/H3,I1021,NP,1.0,0.0,0,0,1
908,110092,11,Final Grades,2019,I1044-MENDEZ-M4/H4,I1044,NO GRADE,1.0,1.0,0,0,1
909,110092,11,Final Grades,2019,S1_GB_I1047-LOPEZ-M2/H2,I1047,NO GRADE,1.0,1.0,0,0,1
910,110092,11,Final Grades,2019,I1064-LOPEZ-T4/F4,I1064,NO GRADE,1.0,1.0,0,0,1
911,110092,11,Final Grades,2019,7776,I199,NO GRADE,1.0,1.0,0,0,1
912,110092,11,Final Grades,2019,BtC-Temes-T5,S4100,I,1.0,0.0,0,0,1
913,110001,11,Final Grades,2019,A400-IRVAN-T3/F3,A400,A+,1.0,1.0,0,0,1
914,110001,11,Final Grades,2019,B400-VISPERAS-M3/H3,B400,A-,1.0,1.0,0,0,1
915,110001,11,Final Grades,2019,C400-MADONNA-T2/F2,C400,A,1.0,1.0,0,0,1
916,110001,11,Final Grades,2019,D430-HANZLICK-BURTON-M4/H4,D430,A+,1.0,1.0,0,0,1
917,110001,11,Final Grades,2019,G104-MENDEZ-T4/F4,G104,I,1.0,0.0,0,0,1
918,110001,11,Final Grades,2019,7776,I199,NO GRADE,1.0,1.0,0,0,1
919,110124,11,Final Grades,2019,,A400M,I,1.0,0.0,0,0,1
920,110124,11,Final Grades,2019,,D430M,NO GRADE,1.0,1.0,0,0,1
921,110124,11,Final Grades,2019,I1026-LOPEZ-M4/H4,I1026,NO GRADE,1.0,1.0,0,0,1
922,110124,11,Final Grades,2019,7776,I199,NO GRADE,1.0,1.0,0,0,1
923,110124,11,Final Grades,2019,BtC-Temes-T5,S4100,I,1.0,0.0,0,0,1
924,110402,11,Final Grades,2019,A400-IRVAN-M3/H3,A400,I,1.0,0.0,0,0,1
925,110402,11,Final Grades,2019,B400-VISPERAS-T4/F4,B400,I,1.0,0.0,0,0,1
926,110402,11,Final Grades,2019,C400-MADONNA-T2/F2,C400,I,1.0,0.0,0,0,1
927,110402,11,Final Grades,2019,D430-HANZLICK-BURTON-M2/H2,D430,I,1.0,0.0,0,0,1
928,110402,11,Final Grades,2019,E200-ARIAS-T3/F3,E200,I,1.0,0.0,0,0,1
929,110402,11,Final Grades,2019,S1_GB_I1026-LOPEZ-M2/H2,I1026,NO GRADE,1.0,1.0,0,0,1
930,110402,11,Final Grades,2019,7776,I199,NO GRADE,1.0,1.0,0,0,1
931,110402,11,Final Grades,2019,BtC-Temes-T5,S4100,B,1.0,1.0,0,0,1
932,110008,11,Final Grades,2019,A400-IRVAN-T2/F2,A400,A+,1.0,1.0,0,0,1
933,110008,11,Final Grades,2019,B400-VISPERAS-T3/F3,B400,A+,1.0,1.0,0,0,1
934,110008,11,Final Grades,2019,C400-MADONNA-T4/F4,C400,A+,1.0,1.0,0,0,1
935,110008,11,Final Grades,2019,D430-HANZLICK-BURTON-M2/H2,D430,A+,1.0,1.0,0,0,1
936,110008,11,Final Grades,2019,I1062-BABA-M4/H4,I1062,P,1.0,1.0,0,0,1
937,110008,11,Final Grades,2019,7776,I199,NO GRADE,1.0,1.0,0,0,1
938,110471,11,Final Grades,2019,A400-IRVAN-T3/F3,A400,B,1.0,1.0,0,0,1
939,110471,11,Final Grades,2019,B400-VISPERAS-M3/H3,B400,B+,1.0,1.0,0,0,1
940,110471,11,Final Grades,2019,C320-TEMES-T4/F4,C320,B+,1.0,1.0,0,0,1
941,110471,11,Final Grades,2019,D430-HANZLICK-BURTON-M4/H4,D430,B,1.0,1.0,0,0,1
942,110471,11,Final Grades,2019,I1071-MENDEZ-M2/H2,I1071,NO GRADE,1.0,1.0,0,0,1
943,110471,11,Final Grades,2019,BtC-Temes-T5,S4100,A+,1.0,1.0,0,0,1
944,110239,11,Final Grades,2019,A400-IRVAN-M3/H3,A400,A+,1.0,1.0,0,0,1
945,110239,11,Final Grades,2019,B400-VISPERAS-M4/H4,B400,A-,1.0,1.0,0,0,1
946,110239,11,Final Grades,2019,C400-MADONNA-T2/F2,C400,B,1.0,1.0,0,0,1
947,110239,11,Final Grades,2019,D430-HANZLICK-BURTON-T3/F3,D430,A,1.0,1.0,0,0,1
948,110239,11,Final Grades,2019,G104-MENDEZ-T4/F4,G104,A,1.0,1.0,0,0,1
949,110053,11,Final Grades,2019,A400-IRVAN-T4/F4,A400,B,1.0,1.0,0,0,1
950,110053,11,Final Grades,2019,B400-VISPERAS-M3/H3,B400,B-,1.0,1.0,0,0,1
951,110053,11,Final Grades,2019,C400-MADONNA-M2/H2,C400,I,1.0,0.0,0,0,1
952,110053,11,Final Grades,2019,D430-HANZLICK-BURTON-M4/H4,D430,C,1.0,1.0,0,0,1
953,110053,11,Final Grades,2019,S1_GB_I1026-LOPEZ-M2/H2,I1026,NO GRADE,1.0,1.0,0,0,1
954,110053,11,Final Grades,2019,7776,I199,NO GRADE,1.0,1.0,0,0,1
955,110053,11,Final Grades,2019,BtC-Gomez-M5,S4100,A,1.0,1.0,0,0,1
956,110061,11,Final Grades,2019,A400-IRVAN-T4/F4,A400,I,1.0,0.0,0,0,1
957,110061,11,Final Grades,2019,B400-VISPERAS-T3/F3,B400,B,1.0,1.0,0,0,1
958,110061,11,Final Grades,2019,D430-HANZLICK-BURTON-T2/F2,D430,B,1.0,1.0,0,0,1
959,110061,11,Final Grades,2019,S1_GB_I1031-BABA-M3/H3,I1031,P,1.0,1.0,0,0,1
960,110061,11,Final Grades,2019,I1064-LOPEZ-M2/H2,I1064,NO GRADE,1.0,1.0,0,0,1
961,110061,11,Final Grades,2019,7776,I199,NO GRADE,1.0,1.0,0,0,1
962,110061,11,Final Grades,2019,BtC-Gomez-M5,S4100,A,1.0,1.0,0,0,1
963,110060,11,Final Grades,2019,A400-IRVAN-T3/F3,A400,A+,1.0,1.0,0,0,1
964,110060,11,Final Grades,2019,B400-VISPERAS-T4/F4,B400,A-,1.0,1.0,0,0,1
965,110060,11,Final Grades,2019,C400-MADONNA-M2/H2,C400,B,1.0,1.0,0,0,1
966,110060,11,Final Grades,2019,D430-HANZLICK-BURTON-T2/F2,D430,A-,1.0,1.0,0,0,1
967,110060,11,Final Grades,2019,I1038-BABA-M3/H3,I1038,NO GRADE,1.0,1.0,0,0,1
968,110060,11,Final Grades,2019,S1_GB_I1072-BABA-M3/H3,I1072,P,1.0,1.0,0,0,1
969,110060,11,Final Grades,2019,7776,I199,NO GRADE,1.0,1.0,0,0,1
970,110085,11,Final Grades,2019,A400-IRVAN-T2/F2,A400,A+,1.0,1.0,0,0,1
971,110085,11,Final Grades,2019,B400-VISPERAS-M3/H3,B400,A+,1.0,1.0,0,0,1
972,110085,11,Final Grades,2019,C400-MADONNA-T4/F4,C400,A+,1.0,1.0,0,0,1
973,110085,11,Final Grades,2019,D430-HANZLICK-BURTON-T3/F3,D430,A+,1.0,1.0,0,0,1
974,110085,11,Final Grades,2019,I1062-BABA-M4/H4,I1062,P,1.0,1.0,0,0,1
975,110085,11,Final Grades,2019,7776,I199,NO GRADE,1.0,1.0,0,0,1
976,110117,11,Final Grades,2019,A400-IRVAN-T4/F4,A400,C+,1.0,1.0,0,0,1
977,110117,11,Final Grades,2019,B400-VISPERAS-T3/F3,B400,C+,1.0,1.0,0,0,1
978,110117,11,Final Grades,2019,C400-MADONNA-M2/H2,C400,I,1.0,0.0,0,0,1
979,110117,11,Final Grades,2019,D430-HANZLICK-BURTON-T2/F2,D430,I,1.0,0.0,0,0,1
980,110117,11,Final Grades,2019,I1022-VINSON-M3/H3,I1022,NO GRADE,1.0,1.0,0,0,1
981,110117,11,Final Grades,2019,I1026-LOPEZ-M4/H4,I1026,NO GRADE,1.0,1.0,0,0,1
982,110117,11,Final Grades,2019,S1_GB_I1071-MENDEZ-M3/H3,I1071,P,1.0,1.0,0,0,1
983,110117,11,Final Grades,2019,7776,I199,NO GRADE,1.0,1.0,0,0,1
984,110049,11,Final Grades,2019,A400-IRVAN-M3/H3,A400,A+,1.0,1.0,0,0,1
985,110049,11,Final Grades,2019,B400-VISPERAS-M4/H4,B400,A-,1.0,1.0,0,0,1
986,110049,11,Final Grades,2019,C400-MADONNA-T2/F2,C400,A,1.0,1.0,0,0,1
987,110049,11,Final Grades,2019,D430-HANZLICK-BURTON-T3/F3,D430,A,1.0,1.0,0,0,1
988,110049,11,Final Grades,2019,G104-MENDEZ-T4/F4,G104,A+,1.0,1.0,0,0,1
989,110049,11,Final Grades,2019,7776,I199,NO GRADE,1.0,1.0,0,0,1
990,110357,11,Final Grades,2019,A400-IRVAN-T3/F3,A400,I,1.0,0.0,0,0,1
991,110357,11,Final Grades,2019,B400-VISPERAS-T4/F4,B400,I,1.0,0.0,0,0,1
992,110357,11,Final Grades,2019,D430-HANZLICK-BURTON-M2/H2,D430,C,1.0,1.0,0,0,1
993,110357,11,Final Grades,2019,E200-ARIAS-M4/H4,E200,I,1.0,0.0,0,0,1
994,110357,11,Final Grades,2019,S1_GB_I1030-VINSON-M2/H2,I1030,P,1.0,1.0,0,0,1
995,110357,11,Final Grades,2019,I1031-BABA-T2/F2,I1031,NO GRADE,1.0,1.0,0,0,1
996,110357,11,Final Grades,2019,BtC-Temes-T5,S4100,A-,1.0,1.0,0,0,1
997,110026,11,Final Grades,2019,A400-IRVAN-M3/H3,A400,A,1.0,1.0,0,0,1
998,110026,11,Final Grades,2019,B400-VISPERAS-M4/H4,B400,A-,1.0,1.0,0,0,1
999,110026,11,Final Grades,2019,C400-MADONNA-M2/H2,C400,B,1.0,1.0,0,0,1
1000,110026,11,Final Grades,2019,D430-HANZLICK-BURTON-T3/F3,D430,B,1.0,1.0,0,0,1
1001,110026,11,Final Grades,2019,S1_GB_I1047-LOPEZ-M2/H2,I1047,NO GRADE,1.0,1.0,0,0,1
1002,110026,11,Final Grades,2019,I1064-LOPEZ-T4/F4,I1064,NO GRADE,1.0,1.0,0,0,1
1003,110010,11,Final Grades,2019,A400-IRVAN-T2/F2,A400,A+,1.0,1.0,0,0,1
1004,110010,11,Final Grades,2019,B400-VISPERAS-T3/F3,B400,A+,1.0,1.0,0,0,1
1005,110010,11,Final Grades,2019,C400-MADONNA-T4/F4,C400,A,1.0,1.0,0,0,1
1006,110010,11,Final Grades,2019,D430-HANZLICK-BURTON-M4/H4,D430,A,1.0,1.0,0,0,1
1007,110010,11,Final Grades,2019,I1046-VINSON-M2/H2,I1046,NO GRADE,1.0,1.0,0,0,1
1008,110010,11,Final Grades,2019,S1_GB_I1072-BABA-M3/H3,I1072,P,1.0,1.0,0,0,1
1009,110010,11,Final Grades,2019,7776,I199,NO GRADE,1.0,1.0,0,0,1
